release_id,release_datetime,module,environment,risk_score
340,2025-01-13 21:03:49,core-banking,prod,0.9804826729950661
437,2025-08-22 21:03:49,payments,staging,0.9800831643971469
973,2025-03-29 21:03:49,mobile-app,staging,0.9777721349013867
412,2025-05-27 21:03:49,payments,prod,0.976534021931014
669,2025-06-14 21:03:49,core-banking,prod,0.9754718539705506
482,2024-12-11 21:03:49,core-banking,staging,0.9752050539704449
695,2025-02-10 21:03:49,onboarding,prod,0.9735112264715757
474,2025-07-01 21:03:49,core-banking,prod,0.9717883797629538
357,2025-01-30 21:03:49,mobile-app,qa,0.9710319224920635
935,2024-12-28 21:03:49,payments,staging,0.9689884775122768
418,2025-05-07 21:03:49,payments,qa,0.9681569612698838
719,2024-09-28 21:03:49,risk-engine,prod,0.9666779071597695
156,2025-06-21 21:03:49,payments,prod,0.9664812044543282
289,2025-06-18 21:03:49,core-banking,staging,0.9664040064143619
600,2025-07-07 21:03:49,onboarding,qa,0.9639507736357427
680,2024-12-18 21:03:49,onboarding,prod,0.9630984342156644
399,2025-05-14 21:03:49,core-banking,staging,0.9626537020815812
477,2025-01-26 21:03:49,internet-banking,prod,0.9621001398501666
63,2025-01-28 21:03:49,onboarding,prod,0.9606575062343541
153,2024-11-02 21:03:49,onboarding,qa,0.9602113478709537
414,2025-01-11 21:03:49,internet-banking,qa,0.95919866451189
426,2024-11-21 21:03:49,risk-engine,prod,0.9588015360111198
43,2025-07-28 21:03:49,payments,prod,0.9575350930299955
257,2025-07-27 21:03:49,internet-banking,dev,0.9560736970786018
772,2025-01-28 21:03:49,internet-banking,dev,0.9555809691529894
803,2025-03-18 21:03:49,payments,qa,0.9555416402486161
703,2025-06-06 21:03:49,payments,staging,0.9554975311266867
233,2024-09-29 21:03:49,mobile-app,staging,0.955487276893331
804,2025-02-25 21:03:49,mobile-app,prod,0.9545255819499358
576,2024-10-09 21:03:49,payments,prod,0.9539578317109947
731,2025-04-06 21:03:49,payments,qa,0.953570694754819
601,2025-05-24 21:03:49,onboarding,staging,0.9531353367045925
964,2025-07-29 21:03:49,onboarding,prod,0.9528352831073106
557,2024-12-31 21:03:49,mobile-app,dev,0.9526604362079266
393,2025-05-08 21:03:49,core-banking,dev,0.9526547570867625
149,2024-10-14 21:03:49,mobile-app,staging,0.9518390316841613
984,2025-06-15 21:03:49,onboarding,prod,0.9516346139908383
438,2024-10-21 21:03:49,risk-engine,dev,0.9515936065544198
206,2024-10-10 21:03:49,core-banking,qa,0.9510741741569816
486,2025-07-07 21:03:49,core-banking,prod,0.9505270020244608
774,2024-09-21 21:03:49,onboarding,qa,0.9504328604209972
433,2025-07-12 21:03:49,mobile-app,staging,0.9503640280058757
467,2025-02-23 21:03:49,mobile-app,qa,0.950275634857257
879,2025-05-03 21:03:49,payments,dev,0.9500514799186712
2,2025-08-17 21:03:49,mobile-app,prod,0.9497775658928279
203,2025-01-10 21:03:49,risk-engine,qa,0.9496499295209198
32,2025-01-18 21:03:49,onboarding,prod,0.9494233681294322
229,2025-04-11 21:03:49,mobile-app,prod,0.9490984442813979
768,2024-11-23 21:03:49,payments,staging,0.9485172890477509
574,2025-06-09 21:03:49,risk-engine,qa,0.9484003103246398
713,2024-12-12 21:03:49,onboarding,prod,0.9479679176162136
125,2024-10-22 21:03:49,core-banking,qa,0.9479524131931023
622,2025-04-19 21:03:49,payments,staging,0.9479493484826604
439,2025-01-27 21:03:49,risk-engine,qa,0.9476711821813977
613,2025-09-07 21:03:49,risk-engine,staging,0.947522734858665
990,2025-07-19 21:03:49,onboarding,prod,0.9472200805459008
783,2025-08-04 21:03:49,payments,prod,0.9466453430079967
888,2025-07-26 21:03:49,internet-banking,prod,0.9466136715012315
511,2025-02-27 21:03:49,mobile-app,staging,0.9461392329260598
117,2025-02-16 21:03:49,core-banking,qa,0.9460040164705563
92,2024-11-26 21:03:49,core-banking,prod,0.9459823185038158
969,2025-05-12 21:03:49,internet-banking,dev,0.9459349586654097
931,2025-09-03 21:03:49,payments,qa,0.9458098063807044
821,2025-02-13 21:03:49,core-banking,prod,0.9444202727061731
221,2024-09-15 21:03:49,internet-banking,prod,0.9435726292346246
750,2025-09-10 21:03:49,mobile-app,prod,0.9434604632748826
361,2025-04-26 21:03:49,core-banking,qa,0.9431717083907066
374,2025-05-15 21:03:49,onboarding,prod,0.9423926106638167
689,2024-12-28 21:03:49,internet-banking,prod,0.9422791340104119
364,2025-01-13 21:03:49,risk-engine,prod,0.9421988645430495
100,2025-06-29 21:03:49,risk-engine,staging,0.942197197490224
759,2024-12-24 21:03:49,mobile-app,prod,0.9421499306623187
981,2025-07-26 21:03:49,core-banking,staging,0.9417647401688892
590,2025-08-11 21:03:49,internet-banking,staging,0.9403131658155126
618,2025-06-02 21:03:49,core-banking,dev,0.9393304571434671
799,2025-03-12 21:03:49,core-banking,prod,0.9386203386682146
251,2025-04-27 21:03:49,risk-engine,prod,0.9379158413656508
810,2025-01-21 21:03:49,mobile-app,qa,0.9378949677797136
291,2025-02-28 21:03:49,core-banking,prod,0.9375470313794204
267,2025-04-22 21:03:49,risk-engine,staging,0.9372761423799808
933,2024-11-21 21:03:49,internet-banking,prod,0.9359655418005896
287,2024-12-06 21:03:49,core-banking,prod,0.9338926631021767
244,2025-06-26 21:03:49,mobile-app,prod,0.9333043205736745
902,2025-02-02 21:03:49,internet-banking,prod,0.9333013040639924
177,2025-04-01 21:03:49,core-banking,staging,0.9325275288035966
447,2025-02-07 21:03:49,payments,prod,0.9317899164557685
608,2024-11-28 21:03:49,internet-banking,prod,0.9317893686226755
118,2025-01-16 21:03:49,onboarding,qa,0.9315353914987815
877,2025-06-11 21:03:49,mobile-app,staging,0.9311433828314784
281,2025-08-10 21:03:49,internet-banking,staging,0.931123308365432
131,2025-01-06 21:03:49,core-banking,prod,0.9307397439252584
523,2025-02-02 21:03:49,onboarding,prod,0.9305948126668531
676,2024-11-21 21:03:49,payments,prod,0.9304864095764004
113,2025-08-16 21:03:49,mobile-app,prod,0.9304370143340206
48,2025-02-13 21:03:49,internet-banking,prod,0.9302894251609425
195,2024-12-16 21:03:49,core-banking,dev,0.9297349157930667
484,2024-10-10 21:03:49,mobile-app,prod,0.9293528460683439
190,2025-06-09 21:03:49,core-banking,dev,0.9283591893841311
665,2024-12-08 21:03:49,payments,prod,0.9281441249123764
337,2024-09-29 21:03:49,onboarding,qa,0.9280511706945691
930,2025-02-16 21:03:49,mobile-app,qa,0.927663202354558
561,2025-06-11 21:03:49,onboarding,prod,0.9274970152535714
282,2024-12-15 21:03:49,mobile-app,prod,0.9271035697657553
859,2025-08-16 21:03:49,internet-banking,prod,0.9269679951433974
290,2024-12-16 21:03:49,risk-engine,qa,0.926152706708675
716,2025-01-27 21:03:49,risk-engine,prod,0.9261243078646824
382,2025-02-27 21:03:49,risk-engine,prod,0.9257238299503537
62,2025-01-01 21:03:49,core-banking,staging,0.9255493732945516
134,2025-09-07 21:03:49,onboarding,prod,0.9251832065691352
277,2025-07-12 21:03:49,payments,staging,0.9250074574261012
671,2024-12-25 21:03:49,onboarding,dev,0.9243316676142844
870,2024-11-13 21:03:49,internet-banking,dev,0.9238250568885866
650,2025-02-13 21:03:49,mobile-app,qa,0.9236387398471804
86,2025-08-14 21:03:49,onboarding,qa,0.9235654925634543
272,2024-10-21 21:03:49,mobile-app,qa,0.9231982100651974
573,2024-10-25 21:03:49,payments,qa,0.9229252918076138
136,2025-06-07 21:03:49,internet-banking,prod,0.9224848190264238
198,2024-12-14 21:03:49,core-banking,prod,0.9216132118961222
566,2025-07-11 21:03:49,core-banking,staging,0.9215473488565812
143,2025-04-04 21:03:49,risk-engine,qa,0.9215050907983616
710,2025-02-20 21:03:49,onboarding,staging,0.9207842784725954
812,2024-12-07 21:03:49,internet-banking,prod,0.9207418089819643
664,2025-01-18 21:03:49,risk-engine,dev,0.9202263756198924
899,2025-06-06 21:03:49,payments,dev,0.9192604786777507
403,2025-03-03 21:03:49,onboarding,dev,0.9187027464862656
87,2024-11-08 21:03:49,risk-engine,prod,0.9185452139404044
589,2025-09-01 21:03:49,mobile-app,staging,0.9184831511634785
204,2025-04-20 21:03:49,onboarding,qa,0.9184333009968308
355,2024-10-25 21:03:49,mobile-app,dev,0.9181923832728548
85,2025-06-26 21:03:49,onboarding,dev,0.9175976997366513
782,2024-09-15 21:03:49,onboarding,prod,0.917376741822805
697,2024-11-21 21:03:49,internet-banking,staging,0.917235815668073
762,2025-09-07 21:03:49,internet-banking,qa,0.9170504253650227
25,2025-05-10 21:03:49,internet-banking,qa,0.9168530510555963
363,2024-12-03 21:03:49,onboarding,staging,0.916810394531486
564,2025-01-09 21:03:49,mobile-app,prod,0.9164192852343683
469,2025-01-20 21:03:49,mobile-app,qa,0.9162560978077365
587,2025-01-03 21:03:49,core-banking,staging,0.9162527118126047
565,2024-12-15 21:03:49,core-banking,qa,0.9160274794798304
603,2025-04-26 21:03:49,risk-engine,staging,0.916005170928027
730,2025-08-28 21:03:49,risk-engine,prod,0.915929336218393
556,2025-07-01 21:03:49,core-banking,prod,0.9159016704119277
736,2025-06-18 21:03:49,mobile-app,staging,0.9158376423069505
825,2025-03-15 21:03:49,risk-engine,qa,0.9157979307837044
13,2024-10-01 21:03:49,payments,prod,0.9152623047971495
155,2025-08-05 21:03:49,internet-banking,staging,0.9152038648724145
545,2025-07-16 21:03:49,core-banking,prod,0.9151768951084006
743,2025-08-01 21:03:49,core-banking,prod,0.9149068100724868
941,2025-09-02 21:03:49,payments,qa,0.9145405197718584
472,2025-05-25 21:03:49,onboarding,staging,0.9144151419300843
506,2025-01-28 21:03:49,mobile-app,staging,0.9141769797895597
413,2025-01-08 21:03:49,mobile-app,qa,0.914096289084409
567,2024-11-01 21:03:49,payments,prod,0.9138419454257423
300,2025-01-05 21:03:49,mobile-app,staging,0.9136997677936284
591,2024-09-28 21:03:49,risk-engine,prod,0.9136864152845685
971,2025-03-06 21:03:49,internet-banking,prod,0.9125120309973201
41,2024-12-11 21:03:49,core-banking,staging,0.9123554933357857
434,2024-09-21 21:03:49,payments,dev,0.9123267978634717
593,2025-03-02 21:03:49,risk-engine,qa,0.9113268066580642
67,2025-08-07 21:03:49,onboarding,prod,0.9110941971730224
135,2024-10-22 21:03:49,internet-banking,prod,0.9102493277081501
187,2024-10-12 21:03:49,mobile-app,staging,0.9098548650196124
958,2025-01-12 21:03:49,mobile-app,staging,0.9091289765232685
288,2024-10-02 21:03:49,risk-engine,prod,0.9085398919586692
305,2025-05-21 21:03:49,core-banking,staging,0.9084347706559367
959,2025-08-12 21:03:49,internet-banking,qa,0.9078494437287203
365,2025-07-29 21:03:49,core-banking,prod,0.9077850405613413
505,2025-01-06 21:03:49,payments,staging,0.9074357076467081
820,2025-07-20 21:03:49,payments,qa,0.9073523818233893
367,2024-09-27 21:03:49,risk-engine,prod,0.9073239677917005
858,2025-08-26 21:03:49,risk-engine,staging,0.9072903261183598
552,2024-11-05 21:03:49,onboarding,prod,0.9070472808674269
468,2025-08-22 21:03:49,core-banking,prod,0.9069078062677094
517,2024-09-28 21:03:49,internet-banking,staging,0.9068843380678334
16,2025-08-21 21:03:49,internet-banking,dev,0.906688942075642
232,2025-01-17 21:03:49,internet-banking,qa,0.9065702637058195
283,2025-02-23 21:03:49,internet-banking,prod,0.9061886632344525
807,2024-11-06 21:03:49,payments,qa,0.9061422702373643
924,2025-01-26 21:03:49,internet-banking,staging,0.90599737135218
957,2025-04-17 21:03:49,payments,prod,0.9059277617255912
647,2025-06-16 21:03:49,payments,dev,0.904972893275381
165,2025-07-30 21:03:49,core-banking,prod,0.9049716348324974
89,2025-06-30 21:03:49,onboarding,prod,0.9047656376214981
927,2025-02-27 21:03:49,payments,prod,0.9038709247154664
765,2025-01-17 21:03:49,risk-engine,prod,0.9035559376043698
909,2024-11-01 21:03:49,onboarding,staging,0.9033555624028552
502,2025-09-04 21:03:49,mobile-app,prod,0.9031045680631526
595,2025-03-13 21:03:49,risk-engine,prod,0.9030208514225235
868,2025-08-04 21:03:49,internet-banking,qa,0.9029120843083606
526,2024-11-19 21:03:49,mobile-app,staging,0.9028839691842315
252,2025-08-05 21:03:49,onboarding,staging,0.9028092575388269
278,2025-05-01 21:03:49,onboarding,qa,0.9027308088390262
268,2024-09-23 21:03:49,onboarding,prod,0.901470055326545
302,2025-08-23 21:03:49,internet-banking,staging,0.9012802136374477
663,2025-01-03 21:03:49,onboarding,prod,0.9008424438489812
949,2024-09-25 21:03:49,internet-banking,qa,0.9006966117770915
264,2025-02-20 21:03:49,onboarding,prod,0.9006074359178986
470,2024-11-17 21:03:49,onboarding,staging,0.9004821730307122
201,2024-10-10 21:03:49,risk-engine,staging,0.8999593433522282
659,2025-08-10 21:03:49,core-banking,staging,0.8995586185134451
755,2025-09-07 21:03:49,core-banking,prod,0.89910665128636
972,2024-09-30 21:03:49,mobile-app,dev,0.8989616678503282
133,2025-02-27 21:03:49,payments,prod,0.8988940720924518
894,2024-12-05 21:03:49,risk-engine,dev,0.8986447743813704
74,2025-01-01 21:03:49,risk-engine,staging,0.8983163418353537
504,2025-02-01 21:03:49,internet-banking,qa,0.8982862897342978
56,2025-03-28 21:03:49,mobile-app,prod,0.8981797324283723
867,2024-11-07 21:03:49,core-banking,staging,0.8978847376824485
132,2024-12-22 21:03:49,core-banking,prod,0.8977029123473306
499,2025-02-20 21:03:49,internet-banking,qa,0.8973574966909488
192,2024-11-15 21:03:49,onboarding,dev,0.896581248922348
235,2025-08-09 21:03:49,mobile-app,staging,0.8965752417172591
571,2025-02-16 21:03:49,payments,prod,0.8963955791112974
395,2025-06-09 21:03:49,core-banking,prod,0.8956540970452
390,2025-03-06 21:03:49,payments,dev,0.8953574437350384
626,2024-10-24 21:03:49,payments,prod,0.8948110696066167
742,2024-12-30 21:03:49,onboarding,staging,0.8947849085618185
453,2025-05-09 21:03:49,mobile-app,staging,0.8946858164179659
77,2025-09-01 21:03:49,core-banking,prod,0.8945958215690635
797,2024-11-18 21:03:49,onboarding,prod,0.8943035909855789
115,2025-07-17 21:03:49,mobile-app,dev,0.8942961864155617
322,2025-07-30 21:03:49,payments,staging,0.8936252737710432
35,2025-08-16 21:03:49,internet-banking,qa,0.8934998180852748
379,2025-07-30 21:03:49,core-banking,prod,0.8932281670750524
64,2025-01-28 21:03:49,risk-engine,staging,0.893213829228272
926,2025-06-24 21:03:49,internet-banking,prod,0.8931568740300875
862,2025-07-12 21:03:49,internet-banking,qa,0.8930606635741144
872,2025-04-25 21:03:49,onboarding,prod,0.89285972835453
247,2025-05-12 21:03:49,internet-banking,prod,0.8926428581249453
846,2025-03-31 21:03:49,onboarding,prod,0.89262429404287
773,2024-11-27 21:03:49,onboarding,prod,0.8924446714286051
946,2024-12-05 21:03:49,internet-banking,prod,0.8923890971659945
652,2024-12-01 21:03:49,mobile-app,prod,0.8923286498079311
538,2025-02-28 21:03:49,risk-engine,staging,0.8922851816439378
577,2025-07-05 21:03:49,internet-banking,qa,0.8922531444252512
761,2025-09-09 21:03:49,core-banking,prod,0.8922458340538244
527,2024-11-06 21:03:49,onboarding,prod,0.8921291304209179
737,2025-06-22 21:03:49,risk-engine,staging,0.8917215083495056
943,2025-01-19 21:03:49,risk-engine,qa,0.8915164982742516
378,2025-07-11 21:03:49,risk-engine,prod,0.891144906674903
295,2025-02-24 21:03:49,core-banking,prod,0.8909356317418444
183,2025-06-02 21:03:49,onboarding,prod,0.8905645846290459
430,2025-04-16 21:03:49,internet-banking,prod,0.8905606507417219
629,2025-06-13 21:03:49,core-banking,qa,0.8904531925850561
805,2025-02-14 21:03:49,internet-banking,qa,0.8899082019538762
335,2025-01-20 21:03:49,payments,staging,0.8898776301985947
936,2024-09-29 21:03:49,risk-engine,dev,0.8894157622382213
989,2025-09-12 21:03:49,internet-banking,dev,0.8893576362835238
207,2025-06-27 21:03:49,internet-banking,prod,0.889284576002847
214,2024-09-20 21:03:49,risk-engine,prod,0.8891146149898491
583,2024-12-25 21:03:49,internet-banking,staging,0.8890050621969289
546,2025-09-04 21:03:49,core-banking,dev,0.8884846159023414
329,2025-04-20 21:03:49,internet-banking,dev,0.888145420847655
932,2025-08-15 21:03:49,internet-banking,prod,0.8881326260587855
297,2025-05-19 21:03:49,mobile-app,staging,0.8881256622891859
533,2025-08-20 21:03:49,mobile-app,qa,0.8879399404495402
751,2025-05-16 21:03:49,onboarding,qa,0.8878215143315566
275,2025-08-10 21:03:49,payments,qa,0.8866137312864709
617,2024-12-15 21:03:49,onboarding,prod,0.8853957558608606
182,2024-12-03 21:03:49,internet-banking,qa,0.8842610507092612
485,2025-03-08 21:03:49,core-banking,qa,0.8841683471930132
245,2025-05-08 21:03:49,payments,staging,0.8841318554881359
449,2025-06-29 21:03:49,core-banking,qa,0.8840353384599011
956,2025-06-12 21:03:49,core-banking,qa,0.8838012067794896
70,2025-01-12 21:03:49,payments,prod,0.883643644924572
831,2025-05-10 21:03:49,mobile-app,prod,0.8826948527674945
688,2025-02-25 21:03:49,risk-engine,staging,0.8826199149609334
316,2025-09-07 21:03:49,risk-engine,dev,0.8826179145085197
739,2025-05-22 21:03:49,risk-engine,staging,0.8825562043491226
998,2024-10-27 21:03:49,core-banking,prod,0.8821378860015043
582,2025-03-18 21:03:49,risk-engine,qa,0.881997950445603
819,2025-03-30 21:03:49,payments,prod,0.8816957357755272
863,2025-05-07 21:03:49,mobile-app,prod,0.8811037296761639
178,2025-01-02 21:03:49,payments,qa,0.8808048030695295
963,2025-01-24 21:03:49,risk-engine,staging,0.8803105194924138
748,2025-02-26 21:03:49,payments,staging,0.8801582800221018
842,2025-06-23 21:03:49,internet-banking,staging,0.8795644823383217
775,2025-08-03 21:03:49,risk-engine,prod,0.8794575797700047
631,2025-04-10 21:03:49,internet-banking,staging,0.878130186760081
848,2025-01-06 21:03:49,onboarding,qa,0.8777517626416895
145,2025-01-14 21:03:49,mobile-app,staging,0.8772356819959573
189,2024-10-30 21:03:49,core-banking,staging,0.8771607694368865
231,2025-09-11 21:03:49,risk-engine,staging,0.8768641944557163
173,2025-04-27 21:03:49,payments,prod,0.8765723128064966
514,2025-02-25 21:03:49,mobile-app,staging,0.8765686335694762
368,2025-06-28 21:03:49,payments,dev,0.8760762948300782
317,2025-07-12 21:03:49,core-banking,prod,0.875667607970418
480,2025-06-05 21:03:49,onboarding,qa,0.875498659718216
445,2025-04-13 21:03:49,onboarding,qa,0.8742440792351442
547,2024-12-27 21:03:49,mobile-app,qa,0.8742244983659905
11,2025-09-01 21:03:49,payments,prod,0.8737448707561858
852,2024-10-16 21:03:49,mobile-app,prod,0.8736074462842178
988,2024-10-07 21:03:49,onboarding,prod,0.8732305022070562
466,2025-07-14 21:03:49,onboarding,prod,0.87319724624549
176,2024-12-23 21:03:49,core-banking,prod,0.8730876630663804
880,2025-03-11 21:03:49,risk-engine,qa,0.8726561705942141
103,2025-06-20 21:03:49,onboarding,staging,0.8726467100749354
986,2024-11-30 21:03:49,mobile-app,prod,0.8722497822913932
327,2025-02-27 21:03:49,core-banking,prod,0.8719984143074087
104,2025-09-13 21:03:49,onboarding,qa,0.8719070339088678
835,2025-03-09 21:03:49,payments,prod,0.8716228396623553
656,2025-05-07 21:03:49,risk-engine,prod,0.8715455341442624
939,2024-10-28 21:03:49,onboarding,qa,0.8715115216953165
44,2024-10-22 21:03:49,risk-engine,prod,0.8714502869552503
405,2025-06-28 21:03:49,risk-engine,prod,0.8710845600942186
614,2025-01-03 21:03:49,internet-banking,dev,0.8706750701058382
951,2025-05-31 21:03:49,mobile-app,prod,0.8696344662233674
26,2024-09-19 21:03:49,payments,dev,0.8689853452138158
417,2024-10-22 21:03:49,onboarding,prod,0.868867681661658
838,2024-10-30 21:03:49,payments,staging,0.868465851894977
191,2025-04-26 21:03:49,mobile-app,qa,0.8679864439217818
383,2024-10-12 21:03:49,payments,prod,0.8678879416962139
955,2024-12-17 21:03:49,internet-banking,prod,0.8678305689892478
352,2024-12-10 21:03:49,risk-engine,qa,0.867518296914979
258,2025-02-25 21:03:49,risk-engine,prod,0.8669471995802529
358,2024-11-18 21:03:49,payments,staging,0.8668044603375931
754,2025-03-05 21:03:49,onboarding,qa,0.8666668079825943
440,2025-02-18 21:03:49,core-banking,staging,0.8666060842301544
269,2025-02-22 21:03:49,onboarding,prod,0.8661739176497326
942,2025-02-18 21:03:49,risk-engine,qa,0.8651751905896718
563,2025-02-28 21:03:49,onboarding,prod,0.8651179769617634
995,2025-04-08 21:03:49,core-banking,staging,0.864658416769721
684,2025-09-13 21:03:49,risk-engine,staging,0.8645150398065108
387,2025-08-31 21:03:49,core-banking,qa,0.863935783457926
569,2024-10-15 21:03:49,core-banking,prod,0.8629758241264102
560,2024-09-21 21:03:49,mobile-app,prod,0.8628776824528771
911,2025-02-06 21:03:49,risk-engine,staging,0.862289687998971
711,2025-04-28 21:03:49,mobile-app,qa,0.8621805326314361
69,2025-06-22 21:03:49,internet-banking,staging,0.8621212211767182
976,2025-01-06 21:03:49,mobile-app,staging,0.8619625256974796
211,2025-07-10 21:03:49,payments,staging,0.8615965321947978
908,2024-10-28 21:03:49,core-banking,prod,0.8615413110185047
913,2024-10-11 21:03:49,mobile-app,qa,0.8613807497260401
97,2025-06-09 21:03:49,onboarding,staging,0.8612838812186434
137,2025-01-29 21:03:49,payments,staging,0.8612260215152804
944,2024-12-02 21:03:49,payments,staging,0.8611764985971877
194,2024-11-25 21:03:49,risk-engine,qa,0.861170506501926
874,2025-08-06 21:03:49,payments,dev,0.8611094468411694
642,2025-01-26 21:03:49,onboarding,staging,0.8606618430604941
734,2025-07-15 21:03:49,mobile-app,staging,0.8599894388796555
881,2025-05-06 21:03:49,payments,prod,0.8599817245809387
250,2025-01-06 21:03:49,risk-engine,qa,0.8599434064574736
649,2025-02-19 21:03:49,risk-engine,prod,0.8599288858184675
767,2025-07-14 21:03:49,risk-engine,prod,0.8596806677033317
991,2024-10-28 21:03:49,payments,staging,0.8596670053900647
844,2025-03-18 21:03:49,core-banking,staging,0.8595002917424579
537,2025-08-05 21:03:49,onboarding,staging,0.8594362499532427
827,2025-08-10 21:03:49,internet-banking,qa,0.8590650890936734
444,2024-12-21 21:03:49,risk-engine,staging,0.8590528139148376
541,2024-12-28 21:03:49,risk-engine,qa,0.8585076987798307
584,2025-04-08 21:03:49,payments,qa,0.8584631876667848
953,2024-09-18 21:03:49,internet-banking,prod,0.8582575120685327
107,2025-03-26 21:03:49,onboarding,qa,0.8574743387691025
351,2025-02-13 21:03:49,mobile-app,prod,0.8572613750714079
169,2025-01-28 21:03:49,onboarding,staging,0.856988510457009
61,2025-02-11 21:03:49,core-banking,staging,0.8566617032025358
238,2025-03-22 21:03:49,onboarding,dev,0.8563295916225911
562,2025-03-01 21:03:49,risk-engine,qa,0.8559989683587859
99,2025-01-29 21:03:49,onboarding,prod,0.8559580853890276
478,2025-06-23 21:03:49,core-banking,prod,0.855218252417795
58,2025-06-07 21:03:49,payments,prod,0.8549047932397288
436,2024-11-17 21:03:49,payments,prod,0.854873704924241
53,2025-02-13 21:03:49,onboarding,qa,0.8547687430241725
693,2024-12-02 21:03:49,internet-banking,staging,0.8546269222723349
301,2025-07-30 21:03:49,risk-engine,prod,0.8544987589331796
586,2025-06-06 21:03:49,internet-banking,prod,0.8544650900193708
580,2025-01-19 21:03:49,core-banking,staging,0.8542878231931788
30,2025-03-30 21:03:49,mobile-app,staging,0.8540478993279811
496,2025-04-28 21:03:49,internet-banking,prod,0.853813554376788
769,2025-06-26 21:03:49,onboarding,staging,0.853701605525642
3,2025-08-08 21:03:49,payments,qa,0.8535933544931305
718,2024-10-22 21:03:49,onboarding,prod,0.8529619541544322
216,2025-04-02 21:03:49,risk-engine,dev,0.8524162149746131
865,2025-05-27 21:03:49,payments,prod,0.851822296728775
849,2025-08-05 21:03:49,onboarding,prod,0.8515406991680948
425,2025-07-01 21:03:49,mobile-app,dev,0.8515288642373233
738,2025-06-08 21:03:49,mobile-app,prod,0.8515158821668412
982,2024-10-24 21:03:49,risk-engine,staging,0.8514839567281258
471,2025-08-02 21:03:49,internet-banking,prod,0.8512202129030995
265,2025-05-26 21:03:49,core-banking,prod,0.8511367852727015
792,2025-03-11 21:03:49,onboarding,qa,0.8505094792813445
602,2025-02-19 21:03:49,core-banking,dev,0.8502732263906992
708,2024-11-29 21:03:49,risk-engine,prod,0.8500537161767376
21,2025-03-02 21:03:49,onboarding,dev,0.8486465788284635
658,2025-03-10 21:03:49,payments,staging,0.8486284258918891
588,2025-06-23 21:03:49,onboarding,staging,0.8484899994013477
309,2024-10-06 21:03:49,onboarding,qa,0.848374714000058
487,2024-11-09 21:03:49,core-banking,prod,0.848269720928587
558,2025-08-02 21:03:49,onboarding,staging,0.8481847383600855
674,2025-04-12 21:03:49,internet-banking,staging,0.8479074674830118
861,2025-05-15 21:03:49,core-banking,staging,0.8477899048607171
639,2025-01-21 21:03:49,onboarding,staging,0.8466345183234122
170,2025-05-05 21:03:49,internet-banking,dev,0.8464211387714109
781,2024-10-31 21:03:49,core-banking,staging,0.8460933974581543
415,2025-07-22 21:03:49,internet-banking,prod,0.8460906243727098
757,2025-07-18 21:03:49,core-banking,prod,0.8457833139325354
495,2024-12-16 21:03:49,internet-banking,prod,0.8456597141199931
776,2024-12-21 21:03:49,onboarding,qa,0.8450455168547888
226,2024-09-22 21:03:49,mobile-app,dev,0.844549426591043
801,2024-12-27 21:03:49,core-banking,qa,0.8443952907652051
465,2024-12-01 21:03:49,payments,dev,0.8440757658441301
491,2025-03-26 21:03:49,onboarding,prod,0.8427809559987843
847,2024-09-21 21:03:49,core-banking,prod,0.842778985884836
240,2024-12-13 21:03:49,mobile-app,prod,0.8425302417434002
95,2025-05-10 21:03:49,internet-banking,prod,0.8420362775609018
362,2025-04-28 21:03:49,onboarding,prod,0.8419842304523056
922,2025-05-16 21:03:49,internet-banking,staging,0.8417574670064277
326,2025-02-11 21:03:49,risk-engine,qa,0.8411462572034099
529,2024-11-21 21:03:49,onboarding,prod,0.8404965900222625
686,2025-08-16 21:03:49,core-banking,staging,0.8401455058202778
594,2024-10-17 21:03:49,risk-engine,prod,0.8399070099778826
154,2025-08-27 21:03:49,payments,prod,0.8388661047694792
822,2025-09-02 21:03:49,onboarding,prod,0.8388272665503854
84,2025-06-08 21:03:49,risk-engine,prod,0.8387286785841872
712,2025-02-15 21:03:49,onboarding,prod,0.8384930741562038
421,2024-10-28 21:03:49,risk-engine,qa,0.8384022895587878
392,2025-05-21 21:03:49,payments,staging,0.8381430054199294
967,2025-08-01 21:03:49,onboarding,qa,0.8381277158895482
612,2025-07-07 21:03:49,risk-engine,staging,0.8380116040689957
962,2024-10-12 21:03:49,payments,qa,0.8378542127619437
246,2025-01-29 21:03:49,risk-engine,qa,0.8375197243279173
476,2025-01-23 21:03:49,onboarding,dev,0.8359017713615932
248,2025-05-24 21:03:49,internet-banking,prod,0.8357878366558537
148,2024-12-29 21:03:49,onboarding,qa,0.8355115432001275
218,2024-11-27 21:03:49,internet-banking,prod,0.8351068068093108
37,2025-08-02 21:03:49,risk-engine,prod,0.8348312647694549
889,2024-11-10 21:03:49,mobile-app,qa,0.834188996455801
824,2025-02-24 21:03:49,internet-banking,staging,0.833573090961443
637,2024-10-09 21:03:49,core-banking,prod,0.8333689336205428
978,2025-02-28 21:03:49,risk-engine,qa,0.8333588758818576
753,2025-08-02 21:03:49,risk-engine,prod,0.832561831307283
419,2025-02-14 21:03:49,core-banking,dev,0.8317633479576444
610,2024-10-10 21:03:49,onboarding,dev,0.8316630580849268
429,2025-06-03 21:03:49,onboarding,staging,0.8304038929189098
456,2025-01-31 21:03:49,core-banking,dev,0.8303314708583144
105,2025-01-02 21:03:49,mobile-app,prod,0.8302102263477051
620,2025-04-04 21:03:49,payments,qa,0.8297355183915252
501,2025-01-24 21:03:49,core-banking,dev,0.829604768872664
509,2025-04-16 21:03:49,core-banking,prod,0.8293650658419928
596,2025-02-19 21:03:49,mobile-app,staging,0.8293556518376339
202,2024-12-11 21:03:49,payments,staging,0.8289645882849299
619,2024-12-27 21:03:49,onboarding,qa,0.8283354268094767
604,2024-12-26 21:03:49,payments,prod,0.8275739531919146
312,2025-07-14 21:03:49,onboarding,dev,0.8273364941154301
690,2025-08-14 21:03:49,core-banking,prod,0.8271032543452
159,2024-11-04 21:03:49,core-banking,prod,0.8270150064901272
975,2025-06-25 21:03:49,payments,qa,0.8269866097350662
160,2025-03-04 21:03:49,payments,staging,0.8268929182624689
875,2024-10-11 21:03:49,mobile-app,staging,0.8263520398303471
184,2025-04-25 21:03:49,core-banking,staging,0.82621782140226
423,2024-10-26 21:03:49,payments,prod,0.8261817188781563
646,2025-02-13 21:03:49,core-banking,staging,0.8257130290801684
112,2025-04-21 21:03:49,risk-engine,prod,0.8257000529603931
906,2024-12-29 21:03:49,payments,dev,0.8254720235867807
709,2025-06-28 21:03:49,payments,qa,0.8252250261530201
292,2024-12-09 21:03:49,risk-engine,prod,0.824559875154684
702,2025-05-26 21:03:49,internet-banking,staging,0.8244704703503338
581,2024-12-23 21:03:49,risk-engine,prod,0.8244518418864497
119,2025-06-23 21:03:49,payments,dev,0.8239420569358804
256,2024-10-20 21:03:49,mobile-app,prod,0.8235856347859654
188,2025-02-13 21:03:49,risk-engine,staging,0.8235262428250166
408,2025-08-14 21:03:49,payments,qa,0.8233685485408773
802,2025-06-02 21:03:49,mobile-app,prod,0.8232999798451678
965,2025-01-03 21:03:49,payments,dev,0.8232284854246615
934,2025-09-07 21:03:49,core-banking,qa,0.8232277365341367
217,2024-10-27 21:03:49,internet-banking,prod,0.8230950825602373
687,2024-11-04 21:03:49,core-banking,staging,0.8225681195616544
223,2025-07-22 21:03:49,core-banking,staging,0.822434988923186
120,2025-03-21 21:03:49,internet-banking,dev,0.8224196393110413
158,2025-03-04 21:03:49,internet-banking,qa,0.8216232428361187
780,2025-08-06 21:03:49,mobile-app,prod,0.8213668260660898
813,2024-10-07 21:03:49,mobile-app,prod,0.8212008822072469
954,2025-04-28 21:03:49,internet-banking,prod,0.8200406769404067
579,2024-10-06 21:03:49,risk-engine,dev,0.8200374621189972
271,2024-10-03 21:03:49,risk-engine,staging,0.8200254312248929
23,2025-05-20 21:03:49,onboarding,prod,0.8198217726896136
328,2025-05-11 21:03:49,risk-engine,staging,0.8181495436819808
607,2025-04-07 21:03:49,core-banking,prod,0.818112391602504
790,2025-09-05 21:03:49,onboarding,prod,0.8177883897890399
570,2025-06-10 21:03:49,core-banking,staging,0.8167025197373369
766,2025-07-27 21:03:49,risk-engine,qa,0.8164201058618334
910,2025-03-25 21:03:49,payments,qa,0.815703516022962
66,2025-04-27 21:03:49,internet-banking,staging,0.8153906138244996
789,2025-03-16 21:03:49,risk-engine,prod,0.8153717504261139
677,2025-02-17 21:03:49,core-banking,staging,0.8146623998801907
667,2024-10-18 21:03:49,risk-engine,prod,0.8141921391212513
270,2025-01-22 21:03:49,internet-banking,prod,0.8139655617778982
71,2025-05-28 21:03:49,payments,prod,0.8137496207636316
795,2024-11-23 21:03:49,onboarding,staging,0.8137080466409488
740,2025-02-07 21:03:49,payments,staging,0.8135132245925273
273,2024-11-13 21:03:49,onboarding,staging,0.8133826334293188
49,2024-12-14 21:03:49,internet-banking,staging,0.8128961688549077
549,2025-07-28 21:03:49,core-banking,staging,0.8128064647124962
219,2024-11-22 21:03:49,risk-engine,dev,0.8126773295083375
299,2025-09-14 21:03:49,payments,staging,0.8119927103481402
280,2024-09-24 21:03:49,mobile-app,qa,0.8119721448662705
451,2025-02-15 21:03:49,onboarding,qa,0.8112110780892885
260,2025-02-16 21:03:49,risk-engine,staging,0.8109154216220082
884,2024-09-29 21:03:49,risk-engine,qa,0.8105423694477921
834,2024-12-07 21:03:49,mobile-app,qa,0.8102962743028264
386,2025-01-23 21:03:49,risk-engine,qa,0.809043824218283
228,2025-07-06 21:03:49,mobile-app,prod,0.8090292903361482
701,2025-08-01 21:03:49,payments,prod,0.8087680022559819
745,2024-12-23 21:03:49,mobile-app,staging,0.8079073987517337
15,2025-06-06 21:03:49,core-banking,qa,0.8078954726202418
696,2025-01-03 21:03:49,risk-engine,prod,0.8078917575311695
323,2025-03-27 21:03:49,mobile-app,staging,0.8077053414360563
17,2024-11-24 21:03:49,mobile-app,staging,0.8071959934231083
854,2025-01-05 21:03:49,risk-engine,prod,0.8049301635090645
200,2024-11-29 21:03:49,internet-banking,qa,0.8048805467865187
33,2024-10-05 21:03:49,core-banking,qa,0.8043576510796157
999,2025-07-13 21:03:49,onboarding,staging,0.8038525132600522
108,2024-11-24 21:03:49,mobile-app,dev,0.8036788204501448
960,2025-01-14 21:03:49,risk-engine,prod,0.8030850574781813
146,2025-01-05 21:03:49,payments,prod,0.8025606626425544
488,2025-02-17 21:03:49,risk-engine,staging,0.8021558652692466
597,2025-02-02 21:03:49,core-banking,prod,0.8021170890063954
912,2025-04-10 21:03:49,internet-banking,staging,0.8019467537180388
380,2025-08-08 21:03:49,mobile-app,prod,0.8017414053260946
500,2025-08-27 21:03:49,internet-banking,prod,0.8012204796321144
895,2025-04-12 21:03:49,payments,qa,0.8003709798885144
968,2025-06-25 21:03:49,risk-engine,qa,0.800137981189474
492,2025-04-01 21:03:49,onboarding,staging,0.8000935966522892
522,2025-07-09 21:03:49,mobile-app,prod,0.7998955216373176
794,2025-05-31 21:03:49,onboarding,staging,0.7994757095721718
230,2025-03-23 21:03:49,internet-banking,qa,0.7994295957671872
308,2025-03-08 21:03:49,internet-banking,qa,0.7981731494647508
628,2025-03-10 21:03:49,mobile-app,prod,0.7978548556782085
166,2024-10-03 21:03:49,internet-banking,staging,0.7972992726097747
128,2025-03-28 21:03:49,core-banking,staging,0.7971082883673186
921,2024-10-15 21:03:49,payments,staging,0.7961820274499996
152,2024-09-16 21:03:49,payments,prod,0.7961428529999015
210,2025-06-12 21:03:49,onboarding,prod,0.7961226311630512
878,2025-01-07 21:03:49,payments,prod,0.7956879649250717
691,2024-11-15 21:03:49,core-banking,qa,0.7944630495669126
764,2025-06-24 21:03:49,core-banking,qa,0.7934981907342891
980,2024-11-16 21:03:49,risk-engine,prod,0.7934776893412085
220,2025-01-02 21:03:49,risk-engine,staging,0.7933767855512251
925,2024-12-18 21:03:49,core-banking,staging,0.7931825625467688
830,2025-05-25 21:03:49,core-banking,qa,0.7930679489289405
259,2025-01-15 21:03:49,internet-banking,qa,0.7929273813077328
815,2024-10-19 21:03:49,mobile-app,dev,0.7927976763280623
45,2025-08-06 21:03:49,internet-banking,prod,0.7924339486258064
621,2024-10-19 21:03:49,onboarding,qa,0.7924080210779619
845,2024-11-23 21:03:49,core-banking,staging,0.7915302232569176
840,2025-03-12 21:03:49,mobile-app,staging,0.7913346277804925
507,2025-08-10 21:03:49,core-banking,dev,0.7900211294417945
4,2025-07-24 21:03:49,onboarding,dev,0.789725409939504
150,2025-05-30 21:03:49,mobile-app,dev,0.7897047884834644
672,2025-03-03 21:03:49,onboarding,qa,0.7897036323305748
551,2025-05-16 21:03:49,onboarding,prod,0.7894870618754392
606,2024-09-20 21:03:49,mobile-app,prod,0.7892416867898873
397,2025-06-23 21:03:49,payments,prod,0.7891033639945969
441,2025-01-11 21:03:49,risk-engine,dev,0.7887340331890074
503,2025-04-24 21:03:49,risk-engine,prod,0.788244350771498
225,2025-06-07 21:03:49,onboarding,staging,0.788062493906674
371,2025-06-27 21:03:49,mobile-app,prod,0.7876019301396956
370,2025-05-03 21:03:49,mobile-app,prod,0.7874975638955024
381,2025-01-16 21:03:49,mobile-app,prod,0.7872971564130447
699,2025-07-31 21:03:49,mobile-app,qa,0.786860484391841
855,2025-02-07 21:03:49,payments,staging,0.7862786940889279
448,2025-06-15 21:03:49,risk-engine,prod,0.7858676428815019
261,2025-04-20 21:03:49,risk-engine,qa,0.7853820890128154
705,2025-03-29 21:03:49,payments,staging,0.7838884693665348
73,2024-12-05 21:03:49,onboarding,prod,0.7833422463071513
534,2024-10-14 21:03:49,core-banking,dev,0.7824754655774024
715,2024-11-05 21:03:49,risk-engine,qa,0.7812786517325331
123,2025-02-25 21:03:49,internet-banking,qa,0.780981823203626
760,2024-11-25 21:03:49,internet-banking,prod,0.7809403977150583
512,2025-05-07 21:03:49,mobile-app,qa,0.7804612930945113
96,2025-07-06 21:03:49,payments,staging,0.7803388690482044
193,2024-11-10 21:03:49,internet-banking,qa,0.7801706608344139
142,2025-03-02 21:03:49,payments,qa,0.7786101289251935
777,2025-08-25 21:03:49,payments,staging,0.7783596306272731
555,2025-04-01 21:03:49,onboarding,staging,0.778102544966826
19,2025-05-24 21:03:49,core-banking,staging,0.7777329983116357
296,2024-12-07 21:03:49,payments,prod,0.7769662934202383
720,2025-05-27 21:03:49,core-banking,qa,0.7765323434732067
147,2025-08-23 21:03:49,risk-engine,staging,0.7764552281345009
375,2025-09-05 21:03:49,core-banking,prod,0.7763109497978741
138,2025-05-20 21:03:49,mobile-app,qa,0.776140631723192
172,2025-01-21 21:03:49,payments,staging,0.7758059594599015
800,2024-12-07 21:03:49,payments,dev,0.7747366346292806
168,2025-07-30 21:03:49,core-banking,staging,0.7742549193017306
668,2025-02-08 21:03:49,onboarding,qa,0.7739853089186679
508,2025-06-27 21:03:49,risk-engine,prod,0.7726115186718671
343,2024-09-21 21:03:49,internet-banking,qa,0.7721897065096271
898,2025-04-13 21:03:49,payments,qa,0.7717917110976077
111,2025-07-03 21:03:49,payments,staging,0.7705827368067834
14,2025-07-27 21:03:49,mobile-app,staging,0.7705655066879054
987,2024-12-06 21:03:49,onboarding,staging,0.7704149510789348
974,2025-06-22 21:03:49,onboarding,staging,0.7701687577961849
348,2024-09-28 21:03:49,internet-banking,staging,0.7700642753122152
406,2025-06-27 21:03:49,onboarding,staging,0.7700131870320608
313,2025-06-17 21:03:49,payments,dev,0.7679535557005842
798,2025-04-02 21:03:49,core-banking,qa,0.7673400468434795
54,2025-03-25 21:03:49,risk-engine,dev,0.7666035007383059
353,2025-07-06 21:03:49,mobile-app,staging,0.7660670488063457
407,2024-12-29 21:03:49,core-banking,qa,0.7645317867017711
6,2025-03-14 21:03:49,risk-engine,prod,0.7642681945664022
314,2025-03-17 21:03:49,payments,staging,0.7620449750407152
276,2025-06-13 21:03:49,payments,dev,0.7609842624223085
850,2024-10-06 21:03:49,risk-engine,staging,0.7606956943523181
673,2025-04-08 21:03:49,mobile-app,staging,0.7603252129701786
452,2024-12-25 21:03:49,onboarding,prod,0.7600130043460973
785,2024-12-18 21:03:49,internet-banking,prod,0.7598373908199428
903,2025-05-27 21:03:49,onboarding,staging,0.7593103455995852
151,2025-08-09 21:03:49,core-banking,prod,0.7580288891844175
770,2025-02-14 21:03:49,core-banking,staging,0.7579450402971568
531,2024-10-23 21:03:49,payments,prod,0.7574686711876715
550,2024-10-31 21:03:49,onboarding,prod,0.7567254972439352
241,2025-01-01 21:03:49,payments,dev,0.755787287665097
905,2025-01-08 21:03:49,onboarding,prod,0.7549242131164066
389,2024-12-15 21:03:49,core-banking,qa,0.7547209822027684
68,2025-08-04 21:03:49,payments,qa,0.7545361016553679
763,2025-08-04 21:03:49,payments,prod,0.7528434412428124
319,2025-08-16 21:03:49,onboarding,staging,0.7518880659302163
249,2024-11-01 21:03:49,core-banking,staging,0.7511170143707456
923,2025-01-31 21:03:49,internet-banking,staging,0.7509457033171231
851,2024-10-28 21:03:49,payments,staging,0.7499560003037318
937,2025-09-07 21:03:49,mobile-app,staging,0.7497998856619338
791,2025-05-04 21:03:49,core-banking,staging,0.748838544082886
199,2025-02-01 21:03:49,payments,staging,0.7479615166180532
93,2025-02-28 21:03:49,risk-engine,qa,0.7474298510693204
892,2025-01-15 21:03:49,payments,qa,0.7473783094822258
324,2025-04-05 21:03:49,mobile-app,qa,0.7471954814802005
554,2025-05-20 21:03:49,payments,dev,0.7468742542458542
315,2025-02-10 21:03:49,onboarding,qa,0.7467253474808719
786,2024-11-26 21:03:49,payments,qa,0.7465368090887576
572,2025-05-26 21:03:49,core-banking,staging,0.7442376145958606
648,2025-08-23 21:03:49,risk-engine,qa,0.7437999686674985
543,2025-06-03 21:03:49,mobile-app,qa,0.7437932969340595
473,2025-08-08 21:03:49,payments,qa,0.7430515762901357
539,2025-07-16 21:03:49,onboarding,qa,0.7428156210882655
242,2025-06-29 21:03:49,onboarding,prod,0.7425971855996283
904,2024-12-31 21:03:49,onboarding,staging,0.7423491398840413
599,2025-06-29 21:03:49,internet-banking,dev,0.7421537441978519
532,2025-08-28 21:03:49,internet-banking,prod,0.7414684351571733
630,2025-09-14 21:03:49,core-banking,prod,0.7413839855026422
318,2025-07-27 21:03:49,core-banking,qa,0.7402723657387626
643,2025-02-03 21:03:49,payments,dev,0.7400200176687729
463,2025-08-06 21:03:49,core-banking,prod,0.7395531135261393
515,2024-10-28 21:03:49,onboarding,prod,0.7372162332791433
116,2024-09-25 21:03:49,core-banking,qa,0.7369353790548511
832,2024-12-05 21:03:49,core-banking,qa,0.7355558865302974
354,2025-01-05 21:03:49,payments,qa,0.7347384107948791
632,2025-06-12 21:03:49,mobile-app,qa,0.73401622030577
779,2025-09-08 21:03:49,internet-banking,dev,0.7330696182139701
829,2025-06-26 21:03:49,mobile-app,staging,0.7326630869322813
310,2025-05-05 21:03:49,payments,dev,0.7320696411717831
928,2025-01-16 21:03:49,internet-banking,staging,0.7295819608067381
236,2024-09-16 21:03:49,onboarding,staging,0.7293942838333609
144,2025-01-21 21:03:49,onboarding,qa,0.7287745257404958
121,2024-10-23 21:03:49,internet-banking,prod,0.7286203689998946
891,2025-01-24 21:03:49,risk-engine,prod,0.7273915080207412
679,2025-05-16 21:03:49,internet-banking,prod,0.7242998178417527
678,2025-07-30 21:03:49,payments,qa,0.7235874554583743
163,2025-02-01 21:03:49,onboarding,prod,0.7235653330059036
722,2025-04-09 21:03:49,risk-engine,qa,0.7235142736272316
446,2025-03-11 21:03:49,risk-engine,qa,0.7232531702439434
161,2025-07-22 21:03:49,onboarding,dev,0.7226995172568799
660,2025-03-13 21:03:49,core-banking,prod,0.7217376731453969
185,2024-12-16 21:03:49,risk-engine,qa,0.7214571954616347
692,2024-12-03 21:03:49,mobile-app,staging,0.7205419185085105
130,2025-03-24 21:03:49,mobile-app,dev,0.719990798050147
51,2024-11-08 21:03:49,payments,prod,0.7179561481797871
627,2024-09-24 21:03:49,onboarding,staging,0.7164870930031346
651,2024-12-07 21:03:49,payments,prod,0.7162879849327151
60,2025-06-13 21:03:49,onboarding,prod,0.7159942904258584
341,2025-05-26 21:03:49,payments,prod,0.7154923823558331
254,2025-05-07 21:03:49,risk-engine,prod,0.7151502886307413
167,2025-03-23 21:03:49,risk-engine,dev,0.7134548413391889
728,2024-11-17 21:03:49,mobile-app,staging,0.7115938657433584
404,2024-12-21 21:03:49,core-banking,staging,0.7094861953916988
0,2024-10-17 21:03:49,mobile-app,staging,0.7090606153151857
213,2025-04-26 21:03:49,internet-banking,dev,0.7069037328392727
215,2024-11-05 21:03:49,payments,staging,0.706702106890566
636,2025-08-11 21:03:49,payments,staging,0.7065853318908972
342,2024-12-12 21:03:49,risk-engine,qa,0.7050109349370187
311,2025-02-06 21:03:49,internet-banking,staging,0.7024801217410676
653,2025-01-04 21:03:49,onboarding,staging,0.7020560278532137
427,2024-11-29 21:03:49,mobile-app,prod,0.7016636182035407
483,2024-09-21 21:03:49,payments,qa,0.7011240662032243
788,2025-01-30 21:03:49,onboarding,dev,0.7010706087189471
694,2025-06-05 21:03:49,mobile-app,dev,0.6989019810801715
544,2024-10-09 21:03:49,risk-engine,qa,0.6971917439593021
806,2025-06-08 21:03:49,internet-banking,prod,0.6961195979160616
344,2024-10-01 21:03:49,onboarding,staging,0.6960789275108686
450,2025-01-14 21:03:49,payments,staging,0.6954021713910756
947,2025-03-13 21:03:49,payments,prod,0.6950505092386863
747,2025-07-19 21:03:49,core-banking,qa,0.6935784666984585
401,2024-11-27 21:03:49,internet-banking,qa,0.6929388111580225
771,2025-01-14 21:03:49,risk-engine,staging,0.6927830000040134
88,2025-08-22 21:03:49,risk-engine,qa,0.6918127602944122
873,2025-01-15 21:03:49,onboarding,staging,0.6917101133167425
644,2024-10-05 21:03:49,mobile-app,qa,0.6900052070264004
46,2025-08-27 21:03:49,internet-banking,qa,0.6870914012456382
885,2024-10-04 21:03:49,risk-engine,staging,0.6860255854477296
139,2024-10-11 21:03:49,internet-banking,dev,0.6856775491958963
102,2025-01-26 21:03:49,risk-engine,staging,0.6849966875113807
528,2024-12-09 21:03:49,internet-banking,prod,0.6836442094107886
914,2025-06-17 21:03:49,core-banking,prod,0.6819631126962913
497,2024-12-02 21:03:49,risk-engine,qa,0.6801292211439774
398,2024-09-23 21:03:49,payments,qa,0.6764300986225328
615,2024-09-24 21:03:49,onboarding,staging,0.675928103095046
675,2025-01-04 21:03:49,core-banking,prod,0.6732493337114207
384,2025-02-17 21:03:49,core-banking,prod,0.6724083098175089
141,2025-03-13 21:03:49,core-banking,staging,0.6718809339020759
479,2025-04-28 21:03:49,internet-banking,staging,0.6712975026912579
325,2024-12-05 21:03:49,core-banking,qa,0.670578396807418
22,2025-03-24 21:03:49,internet-banking,staging,0.6689341631399288
350,2025-01-14 21:03:49,mobile-app,prod,0.6686630785017759
461,2024-10-14 21:03:49,payments,prod,0.6664002003919821
347,2025-05-04 21:03:49,risk-engine,qa,0.6644691381053391
266,2025-01-06 21:03:49,internet-banking,qa,0.6643012624224415
65,2025-04-04 21:03:49,internet-banking,prod,0.6642448515472685
186,2024-11-27 21:03:49,mobile-app,staging,0.6624534066772838
530,2025-07-06 21:03:49,payments,qa,0.6573114512753458
28,2025-07-20 21:03:49,mobile-app,staging,0.6572195699804967
356,2025-08-18 21:03:49,internet-banking,prod,0.6530764412065336
98,2025-06-23 21:03:49,onboarding,prod,0.6525079484343752
79,2024-10-22 21:03:49,mobile-app,staging,0.6517487931345386
553,2025-03-26 21:03:49,mobile-app,prod,0.6506045291862631
823,2025-04-11 21:03:49,onboarding,staging,0.6481717221242688
871,2025-05-01 21:03:49,core-banking,qa,0.646937738157177
814,2024-11-23 21:03:49,risk-engine,staging,0.6431589857640261
726,2024-11-11 21:03:49,payments,staging,0.642333660549289
20,2024-12-15 21:03:49,payments,prod,0.6407445984594358
164,2025-05-07 21:03:49,payments,staging,0.6406762508589211
5,2025-02-20 21:03:49,onboarding,staging,0.6383192361696461
29,2024-09-16 21:03:49,core-banking,prod,0.6382744308973367
638,2025-02-20 21:03:49,mobile-app,prod,0.6375113729352356
578,2024-11-27 21:03:49,onboarding,prod,0.6358648541776954
38,2024-09-18 21:03:49,risk-engine,staging,0.6321079178564085
793,2024-09-21 21:03:49,onboarding,staging,0.622822956709497
304,2024-11-16 21:03:49,payments,prod,0.6225629908086794
36,2025-05-03 21:03:49,payments,dev,0.6183069612031346
212,2025-01-26 21:03:49,core-banking,staging,0.6182463680900654
27,2025-07-23 21:03:49,mobile-app,prod,0.6158141275817637
336,2025-04-15 21:03:49,core-banking,qa,0.6151424951563996
575,2025-08-13 21:03:49,onboarding,prod,0.6136229282540095
498,2025-01-10 21:03:49,risk-engine,prod,0.6135327667225683
234,2024-11-19 21:03:49,mobile-app,staging,0.6127154703580896
833,2025-08-04 21:03:49,payments,qa,0.6081115381377293
334,2024-09-23 21:03:49,onboarding,qa,0.6035771591846936
205,2025-04-30 21:03:49,mobile-app,qa,0.6013657398977871
24,2025-07-10 21:03:49,mobile-app,prod,0.5984027708714491
733,2025-01-03 21:03:49,payments,staging,0.5949664474291566
400,2024-09-23 21:03:49,onboarding,dev,0.5946190630576804
208,2025-04-07 21:03:49,internet-banking,dev,0.5928583073011656
443,2025-03-09 21:03:49,risk-engine,prod,0.5870592753118778
47,2025-04-11 21:03:49,core-banking,staging,0.5817469715398171
683,2025-05-29 21:03:49,mobile-app,staging,0.5795481147326785
320,2025-05-28 21:03:49,internet-banking,qa,0.5791680138598971
333,2025-07-19 21:03:49,payments,qa,0.5789018305225703
409,2025-04-30 21:03:49,risk-engine,staging,0.5785799897213513
174,2024-12-09 21:03:49,mobile-app,staging,0.5763859955578048
519,2024-09-21 21:03:49,onboarding,prod,0.5751100047906343
224,2025-04-28 21:03:49,payments,prod,0.5688116671956971
961,2025-07-07 21:03:49,core-banking,prod,0.5682466758760804
841,2025-03-27 21:03:49,core-banking,qa,0.5672970691885547
359,2025-05-08 21:03:49,core-banking,prod,0.5616337295167761
640,2025-09-11 21:03:49,onboarding,staging,0.5611936294311622
372,2024-12-07 21:03:49,onboarding,dev,0.5569200980402114
542,2025-05-15 21:03:49,mobile-app,staging,0.555203469337618
996,2024-10-05 21:03:49,onboarding,qa,0.5529408670706966
938,2024-11-23 21:03:49,payments,qa,0.5528263951021404
983,2024-11-08 21:03:49,risk-engine,dev,0.5497276719960481
209,2024-11-06 21:03:49,core-banking,prod,0.5462371851094346
993,2025-05-27 21:03:49,risk-engine,prod,0.5446062516139419
778,2025-07-13 21:03:49,mobile-app,staging,0.5443954921824569
255,2025-07-19 21:03:49,onboarding,staging,0.5440088738804655
457,2025-07-22 21:03:49,payments,prod,0.5430148384813634
706,2025-02-03 21:03:49,core-banking,prod,0.541630541917061
7,2025-06-10 21:03:49,payments,staging,0.5383207411747691
883,2024-10-27 21:03:49,risk-engine,qa,0.5347895205107243
298,2025-05-30 21:03:49,internet-banking,dev,0.5328833013034097
979,2025-01-05 21:03:49,core-banking,staging,0.532878034945778
625,2025-03-04 21:03:49,payments,staging,0.5305009952720727
929,2024-09-29 21:03:49,mobile-app,prod,0.5300214317439873
749,2025-08-23 21:03:49,onboarding,staging,0.5273351106785452
977,2024-12-23 21:03:49,internet-banking,prod,0.526223928438296
416,2025-01-14 21:03:49,risk-engine,staging,0.5250384866340757
110,2025-09-05 21:03:49,risk-engine,staging,0.5240401202813852
836,2025-02-10 21:03:49,internet-banking,qa,0.5231763779013884
197,2025-03-04 21:03:49,payments,qa,0.5215241006899536
970,2025-06-22 21:03:49,payments,prod,0.5149765516041206
377,2024-10-03 21:03:49,internet-banking,prod,0.5087195288960391
339,2025-07-17 21:03:49,onboarding,prod,0.5075627538297067
837,2025-08-01 21:03:49,payments,qa,0.5073289547352721
950,2025-03-11 21:03:49,core-banking,dev,0.503725988684564
385,2024-12-02 21:03:49,payments,qa,0.5035189627625415
481,2024-11-05 21:03:49,payments,staging,0.5008974269196941
196,2025-09-01 21:03:49,onboarding,dev,0.5007289133406431
286,2025-08-06 21:03:49,internet-banking,prod,0.4999979503707959
744,2025-08-12 21:03:49,internet-banking,qa,0.499214395244749
682,2025-02-15 21:03:49,mobile-app,dev,0.4972438801213392
83,2025-08-30 21:03:49,risk-engine,staging,0.49524780130085555
662,2025-01-30 21:03:49,onboarding,qa,0.48758443726855344
920,2025-02-13 21:03:49,internet-banking,staging,0.4871654878413202
179,2025-01-05 21:03:49,core-banking,staging,0.48672587092263636
623,2025-04-22 21:03:49,mobile-app,dev,0.4856004318955733
864,2024-12-27 21:03:49,internet-banking,qa,0.48313366449440664
181,2025-03-19 21:03:49,mobile-app,prod,0.482508599521422
729,2025-08-05 21:03:49,mobile-app,prod,0.4816783310464274
18,2025-07-14 21:03:49,payments,prod,0.4814367544106494
140,2024-12-30 21:03:49,mobile-app,prod,0.4797664772158368
860,2025-03-25 21:03:49,risk-engine,prod,0.47919486932550054
237,2025-01-21 21:03:49,core-banking,qa,0.47787289150333245
454,2025-04-17 21:03:49,risk-engine,staging,0.47549047771396213
222,2025-04-08 21:03:49,mobile-app,qa,0.47540150549613225
645,2025-04-20 21:03:49,risk-engine,prod,0.46980091506518606
758,2025-06-02 21:03:49,internet-banking,staging,0.4689100529822479
997,2025-05-16 21:03:49,mobile-app,staging,0.4679814796735324
432,2025-01-12 21:03:49,onboarding,qa,0.465045732301928
681,2024-10-06 21:03:49,internet-banking,staging,0.45506305502904265
458,2025-04-11 21:03:49,payments,prod,0.4529436836962325
536,2025-04-04 21:03:49,internet-banking,staging,0.4521443438836647
475,2025-07-12 21:03:49,risk-engine,staging,0.45135486188382085
727,2025-02-09 21:03:49,core-banking,prod,0.45108615676293295
253,2024-09-20 21:03:49,risk-engine,qa,0.4508612856306659
489,2025-03-29 21:03:49,payments,dev,0.44544104455255285
916,2025-06-30 21:03:49,mobile-app,prod,0.4442323991136933
616,2024-09-23 21:03:49,payments,dev,0.43976227302531257
661,2025-05-07 21:03:49,internet-banking,qa,0.4368276850970343
376,2025-06-15 21:03:49,core-banking,qa,0.4353794768806816
513,2024-09-18 21:03:49,onboarding,prod,0.43500102261177176
263,2025-09-13 21:03:49,payments,prod,0.4349640470623223
279,2024-09-20 21:03:49,internet-banking,staging,0.43454238679167695
890,2025-01-08 21:03:49,mobile-app,staging,0.4290482839951659
346,2025-08-15 21:03:49,onboarding,qa,0.4216444774829235
568,2025-01-02 21:03:49,payments,prod,0.42117985356172566
410,2024-11-21 21:03:49,payments,prod,0.4186439361524456
818,2024-11-11 21:03:49,payments,qa,0.41659042093104787
55,2024-11-12 21:03:49,mobile-app,staging,0.4164541304849146
897,2025-01-08 21:03:49,risk-engine,prod,0.41577323345268363
52,2024-10-30 21:03:49,internet-banking,qa,0.4152977900653416
40,2025-05-05 21:03:49,risk-engine,prod,0.4136846139938542
1,2025-02-26 21:03:49,payments,dev,0.4130856974359496
714,2025-08-09 21:03:49,core-banking,qa,0.4127017151747618
994,2025-06-09 21:03:49,onboarding,prod,0.41154328482985364
227,2025-03-06 21:03:49,mobile-app,staging,0.4093574546456484
171,2025-07-05 21:03:49,payments,prod,0.4076509649588932
402,2025-08-27 21:03:49,onboarding,qa,0.4019934175701638
723,2025-04-12 21:03:49,internet-banking,prod,0.3984684332579602
303,2025-05-09 21:03:49,internet-banking,dev,0.3960882821972373
90,2025-09-11 21:03:49,internet-banking,dev,0.39343906301847065
50,2024-12-08 21:03:49,onboarding,prod,0.39177309007729083
817,2025-01-11 21:03:49,onboarding,prod,0.388341896182582
666,2025-08-08 21:03:49,core-banking,dev,0.387229487824649
741,2025-05-26 21:03:49,internet-banking,prod,0.3869717407132129
685,2025-07-12 21:03:49,onboarding,staging,0.383607876514735
657,2025-03-05 21:03:49,core-banking,qa,0.38222703222312376
641,2025-07-25 21:03:49,core-banking,staging,0.3819031873889077
918,2024-11-11 21:03:49,payments,prod,0.37809821466164084
635,2025-01-30 21:03:49,internet-banking,staging,0.37757226246072534
420,2024-10-28 21:03:49,mobile-app,qa,0.3770665170153879
162,2024-09-20 21:03:49,mobile-app,qa,0.3744484039652346
284,2025-05-09 21:03:49,internet-banking,prod,0.37217163777418966
490,2025-01-21 21:03:49,core-banking,qa,0.37103477854644357
306,2025-02-04 21:03:49,internet-banking,prod,0.3696735871893124
966,2025-02-14 21:03:49,onboarding,prod,0.36853888344276436
866,2024-10-24 21:03:49,onboarding,dev,0.3676218693422185
127,2025-03-24 21:03:49,mobile-app,prod,0.36696057063023296
609,2025-08-19 21:03:49,internet-banking,staging,0.36668993251531345
455,2025-08-02 21:03:49,onboarding,prod,0.36320231891057714
157,2025-01-15 21:03:49,mobile-app,staging,0.35643904092930795
985,2025-08-19 21:03:49,payments,qa,0.3534211539860767
388,2025-05-01 21:03:49,payments,prod,0.35062766194393585
787,2025-02-19 21:03:49,payments,dev,0.3501594160221902
366,2025-04-19 21:03:49,payments,staging,0.35008601363888364
76,2024-12-21 21:03:49,mobile-app,qa,0.34822990475744675
633,2025-09-14 21:03:49,onboarding,qa,0.34753145643832006
611,2024-10-23 21:03:49,payments,qa,0.3468593026427703
592,2024-10-17 21:03:49,risk-engine,dev,0.34666967933027903
57,2025-05-01 21:03:49,payments,prod,0.34606835301797473
886,2024-11-17 21:03:49,mobile-app,qa,0.3433071164587472
585,2024-12-21 21:03:49,onboarding,staging,0.3432970807294502
746,2025-06-28 21:03:49,core-banking,staging,0.34101648762876896
945,2025-07-23 21:03:49,core-banking,qa,0.3389497782821208
843,2024-12-28 21:03:49,core-banking,staging,0.33688002061403216
516,2025-07-30 21:03:49,core-banking,qa,0.33644580855215117
59,2025-08-03 21:03:49,core-banking,staging,0.33550542532281596
129,2025-03-17 21:03:49,core-banking,qa,0.3345150557150913
524,2025-06-17 21:03:49,payments,prod,0.33312453104933143
704,2025-02-03 21:03:49,onboarding,dev,0.33133861937092696
917,2025-04-20 21:03:49,payments,staging,0.3289597685699544
796,2025-04-17 21:03:49,risk-engine,qa,0.32775195733987805
396,2025-06-12 21:03:49,payments,staging,0.32621368592529115
338,2025-02-15 21:03:49,payments,qa,0.3260196160119041
394,2025-09-08 21:03:49,internet-banking,prod,0.32241961333129077
8,2025-05-02 21:03:49,core-banking,staging,0.3213420239261037
634,2025-08-05 21:03:49,mobile-app,prod,0.3195300817342159
940,2025-08-17 21:03:49,internet-banking,qa,0.31888711093006356
175,2025-04-24 21:03:49,core-banking,qa,0.31650189186894806
896,2024-10-03 21:03:49,risk-engine,qa,0.3110487358840644
122,2025-01-20 21:03:49,payments,qa,0.31046580863578044
330,2024-12-10 21:03:49,payments,prod,0.30915606065840723
101,2025-01-16 21:03:49,risk-engine,qa,0.3061437364010608
525,2025-08-27 21:03:49,payments,dev,0.306122734493178
109,2025-02-20 21:03:49,mobile-app,prod,0.30505818310857624
91,2025-08-13 21:03:49,core-banking,qa,0.30436106934483304
243,2025-06-03 21:03:49,internet-banking,prod,0.30335084567880255
535,2025-05-23 21:03:49,onboarding,staging,0.3027712286626946
262,2025-05-17 21:03:49,core-banking,qa,0.30248366642731883
548,2025-05-30 21:03:49,internet-banking,staging,0.3016025247624021
725,2025-01-01 21:03:49,payments,staging,0.3011213229604975
882,2025-02-04 21:03:49,internet-banking,qa,0.30030491270744386
42,2025-08-28 21:03:49,onboarding,staging,0.29956439671619967
808,2025-04-30 21:03:49,risk-engine,prod,0.2961174746264952
10,2025-04-01 21:03:49,core-banking,staging,0.29487592634480664
114,2025-04-02 21:03:49,onboarding,staging,0.28730144611664693
285,2025-06-07 21:03:49,onboarding,qa,0.2864696017224592
493,2025-05-17 21:03:49,mobile-app,qa,0.2861139661992955
655,2025-04-15 21:03:49,risk-engine,prod,0.28556790427731243
360,2025-07-11 21:03:49,core-banking,qa,0.28190589798555343
724,2025-03-24 21:03:49,core-banking,staging,0.2805391707858644
369,2025-04-28 21:03:49,mobile-app,staging,0.2783359467234851
510,2024-12-14 21:03:49,core-banking,qa,0.27698789399474805
428,2024-09-19 21:03:49,onboarding,prod,0.27455258395604504
239,2024-12-10 21:03:49,risk-engine,qa,0.2744609579974795
876,2025-08-13 21:03:49,internet-banking,prod,0.273404050180844
81,2024-11-19 21:03:49,payments,staging,0.2721477452876129
462,2025-02-09 21:03:49,core-banking,qa,0.2712576002180281
857,2025-01-19 21:03:49,core-banking,prod,0.2690793824578027
732,2025-06-05 21:03:49,core-banking,qa,0.2681539466531627
431,2024-12-21 21:03:49,onboarding,dev,0.26774359259594427
952,2024-12-11 21:03:49,internet-banking,staging,0.26752224114351414
82,2025-09-01 21:03:49,mobile-app,staging,0.2641135931267346
307,2025-01-13 21:03:49,risk-engine,staging,0.26394816512944064
274,2025-05-20 21:03:49,internet-banking,prod,0.2627923105334307
180,2025-03-28 21:03:49,payments,prod,0.254415141804177
31,2024-11-10 21:03:49,risk-engine,prod,0.25410489170302
707,2024-10-01 21:03:49,onboarding,prod,0.25324340678508334
39,2025-05-10 21:03:49,internet-banking,qa,0.2515548783882606
735,2025-01-06 21:03:49,onboarding,qa,0.25154237657007456
654,2024-10-09 21:03:49,risk-engine,prod,0.2512893533479711
887,2024-11-07 21:03:49,core-banking,staging,0.2503506152469275
756,2025-01-04 21:03:49,internet-banking,dev,0.24963654206432254
540,2024-09-23 21:03:49,internet-banking,dev,0.24940747827963541
332,2024-12-27 21:03:49,onboarding,qa,0.2486276360579615
424,2025-02-10 21:03:49,internet-banking,prod,0.248266952399049
992,2025-03-22 21:03:49,core-banking,staging,0.24715056036951177
464,2025-04-26 21:03:49,payments,staging,0.24481120401833756
784,2025-06-18 21:03:49,mobile-app,staging,0.24454665195611186
624,2025-02-13 21:03:49,payments,staging,0.2421713072693361
915,2025-08-23 21:03:49,onboarding,qa,0.23779056521690767
345,2025-01-13 21:03:49,onboarding,prod,0.2323962673890702
816,2025-08-08 21:03:49,onboarding,staging,0.23176027378443143
811,2025-06-07 21:03:49,internet-banking,qa,0.2306811070344887
893,2025-09-14 21:03:49,payments,staging,0.22876915188592914
349,2025-07-01 21:03:49,onboarding,qa,0.22853975283132502
598,2025-03-27 21:03:49,risk-engine,prod,0.22796514486135577
839,2024-11-04 21:03:49,payments,staging,0.21869972007168045
919,2025-01-14 21:03:49,core-banking,qa,0.2186469366292334
828,2025-04-12 21:03:49,onboarding,qa,0.213016461113214
331,2025-07-06 21:03:49,payments,qa,0.2120817306492984
294,2025-04-27 21:03:49,payments,staging,0.20970738356733776
124,2025-03-28 21:03:49,internet-banking,staging,0.20768556388379747
721,2024-10-10 21:03:49,risk-engine,qa,0.20724843011548022
459,2025-03-26 21:03:49,risk-engine,staging,0.20132181094734208
853,2024-11-22 21:03:49,onboarding,staging,0.20127400032971426
717,2025-06-29 21:03:49,mobile-app,qa,0.20098158510624767
75,2025-04-11 21:03:49,internet-banking,qa,0.19962960256831883
106,2025-04-11 21:03:49,onboarding,staging,0.19861659907655427
521,2024-09-30 21:03:49,payments,prod,0.19860533874742023
391,2025-07-25 21:03:49,core-banking,staging,0.19829790450093007
442,2025-02-05 21:03:49,payments,qa,0.19371142468355865
411,2024-11-21 21:03:49,core-banking,prod,0.1904423902544171
293,2024-10-19 21:03:49,internet-banking,prod,0.18986659138228068
460,2025-04-18 21:03:49,core-banking,qa,0.18648995075708563
752,2025-01-17 21:03:49,internet-banking,qa,0.18115578353966086
80,2024-10-19 21:03:49,risk-engine,qa,0.17955543222121825
907,2025-01-28 21:03:49,internet-banking,prod,0.17482487393156537
12,2025-03-05 21:03:49,payments,qa,0.17319323789417126
901,2025-08-17 21:03:49,payments,staging,0.16873174676364203
900,2025-04-14 21:03:49,core-banking,staging,0.16833208700582505
698,2025-06-07 21:03:49,core-banking,qa,0.16825834435137316
34,2025-03-19 21:03:49,risk-engine,qa,0.16512382700830414
856,2025-05-11 21:03:49,core-banking,staging,0.16511559810801577
518,2025-05-27 21:03:49,core-banking,qa,0.16041576374261202
670,2025-06-26 21:03:49,onboarding,dev,0.15843429962854655
78,2025-04-28 21:03:49,payments,qa,0.15411813082872347
559,2025-09-14 21:03:49,onboarding,dev,0.15227831525796268
94,2025-02-01 21:03:49,onboarding,qa,0.15062998782081355
373,2024-10-23 21:03:49,internet-banking,dev,0.150069825069667
72,2025-05-28 21:03:49,mobile-app,prod,0.14835482246045822
869,2025-06-06 21:03:49,onboarding,qa,0.1460991269729313
422,2025-05-07 21:03:49,risk-engine,staging,0.1447660509212512
435,2024-12-05 21:03:49,mobile-app,dev,0.14463182582095813
826,2025-05-31 21:03:49,risk-engine,staging,0.14185123551285944
494,2025-06-03 21:03:49,risk-engine,prod,0.13198071600392133
809,2025-06-20 21:03:49,onboarding,staging,0.12964747996810316
126,2024-11-25 21:03:49,onboarding,staging,0.12595903045791887
700,2024-11-03 21:03:49,mobile-app,qa,0.12591734946867253
321,2025-06-02 21:03:49,mobile-app,staging,0.12504172095429622
948,2025-07-09 21:03:49,core-banking,staging,0.12503561035469135
520,2025-08-24 21:03:49,onboarding,qa,0.12309548544569332
605,2025-05-29 21:03:49,core-banking,dev,0.11819724734316324
9,2025-02-14 21:03:49,risk-engine,dev,0.08196081178223968
