release_id,release_datetime,module,environment,commits,lines_changed,test_coverage,defects_open,prior_failed_deploys,build_success_rate,lead_time_days,cycle_time_days,code_smells,vulnerabilities,team_experience_years,hour_of_day,day_of_week,deploy_failed
0,2024-10-17 21:03:49,mobile-app,staging,14,1950,0.814,2,2,0.91,5.37,2.98,24,6,4.1,9,5,1
1,2025-02-26 21:03:49,payments,dev,28,924,0.808,11,1,0.846,8.45,2.85,29,2,3.8,13,1,0
2,2025-08-17 21:03:49,mobile-app,prod,20,1192,0.639,15,0,0.891,4.32,2.18,42,6,3.8,10,5,1
3,2025-08-08 21:03:49,payments,qa,33,1634,0.788,12,1,0.951,3.09,2.68,29,2,2.9,10,4,1
4,2025-07-24 21:03:49,onboarding,dev,21,1597,0.779,15,0,0.872,5.08,3.86,32,0,2.0,20,1,1
5,2025-02-20 21:03:49,onboarding,staging,20,1595,0.783,10,1,0.847,5.27,2.62,20,5,2.7,22,1,1
6,2025-03-14 21:03:49,risk-engine,prod,24,1246,0.712,3,0,0.794,4.01,3.4,24,2,4.6,6,5,1
7,2025-06-10 21:03:49,payments,staging,15,1296,0.804,3,0,0.919,4.81,1.55,35,2,3.5,3,4,0
8,2025-05-02 21:03:49,core-banking,staging,26,1631,0.856,16,0,1.0,3.62,2.36,23,2,1.7,7,0,0
9,2025-02-14 21:03:49,risk-engine,dev,28,2002,0.92,26,2,0.821,1.74,3.27,25,2,2.5,8,5,0
10,2025-04-01 21:03:49,core-banking,staging,14,495,0.671,11,1,0.91,7.97,2.5,20,1,2.4,7,5,0
11,2025-09-01 21:03:49,payments,prod,34,1730,0.704,11,2,0.936,5.09,1.77,19,4,4.9,5,6,1
12,2025-03-05 21:03:49,payments,qa,27,1253,0.831,14,1,0.915,3.55,1.63,54,9,3.0,8,4,0
13,2024-10-01 21:03:49,payments,prod,16,1885,0.681,11,0,0.927,8.81,3.09,42,0,3.1,18,4,1
14,2025-07-27 21:03:49,mobile-app,staging,34,704,0.723,9,0,0.98,7.08,4.34,33,1,3.0,3,4,1
15,2025-06-06 21:03:49,core-banking,qa,27,3010,0.908,7,1,0.783,4.82,3.32,49,1,2.5,8,3,1
16,2025-08-21 21:03:49,internet-banking,dev,47,1182,0.632,11,2,0.783,10.26,1.71,21,9,6.4,11,4,1
17,2024-11-24 21:03:49,mobile-app,staging,15,1352,0.798,14,0,0.889,3.25,2.76,31,4,2.6,12,4,1
18,2025-07-14 21:03:49,payments,prod,25,1500,0.648,13,0,1.0,10.19,4.57,39,1,2.0,2,0,0
19,2025-05-24 21:03:49,core-banking,staging,34,1772,0.609,9,1,0.904,5.42,2.9,31,4,4.8,18,2,1
20,2024-12-15 21:03:49,payments,prod,21,445,0.753,20,0,0.969,5.34,2.94,22,2,4.6,20,3,1
21,2025-03-02 21:03:49,onboarding,dev,42,1763,0.803,10,1,0.844,7.98,1.82,44,3,4.5,14,5,1
22,2025-03-24 21:03:49,internet-banking,staging,24,796,0.668,19,1,0.844,3.97,3.03,20,1,3.5,0,4,1
23,2025-05-20 21:03:49,onboarding,prod,25,1748,0.882,1,2,0.947,2.84,4.48,39,6,2.6,17,2,0
24,2025-07-10 21:03:49,mobile-app,prod,27,981,0.705,11,0,0.98,3.88,2.87,52,1,2.3,14,3,1
25,2025-05-10 21:03:49,internet-banking,qa,33,2005,0.775,23,1,0.74,9.21,2.54,36,7,1.4,23,3,1
26,2024-09-19 21:03:49,payments,dev,30,1665,0.579,0,2,0.862,6.92,3.7,36,6,3.5,5,1,1
27,2025-07-23 21:03:49,mobile-app,prod,33,1263,0.772,10,0,0.966,2.01,1.7,17,0,2.5,23,6,0
28,2025-07-20 21:03:49,mobile-app,staging,38,1458,0.855,12,2,0.852,3.04,2.11,30,6,5.1,12,0,1
29,2024-09-16 21:03:49,core-banking,prod,23,401,0.813,8,0,0.814,4.69,3.43,32,4,3.6,12,2,1
30,2025-03-30 21:03:49,mobile-app,staging,21,2168,0.758,11,0,1.0,10.15,3.07,36,7,2.3,9,4,1
31,2024-11-10 21:03:49,risk-engine,prod,9,256,0.608,9,0,1.0,8.21,2.04,39,2,2.9,14,2,0
32,2025-01-18 21:03:49,onboarding,prod,13,1503,0.98,13,1,0.907,7.16,2.94,32,1,3.7,9,3,1
33,2024-10-05 21:03:49,core-banking,qa,35,1719,0.691,14,0,0.975,2.34,2.66,11,0,4.7,5,4,1
34,2025-03-19 21:03:49,risk-engine,qa,19,2952,0.763,9,1,0.775,5.41,3.1,33,6,3.6,17,1,0
35,2025-08-16 21:03:49,internet-banking,qa,15,967,0.854,11,1,0.865,8.91,3.13,38,8,2.8,5,6,1
36,2025-05-03 21:03:49,payments,dev,31,1176,0.835,0,0,0.765,4.35,3.25,32,3,3.0,17,2,1
37,2025-08-02 21:03:49,risk-engine,prod,28,1833,0.75,22,1,0.875,4.49,1.97,20,1,3.1,15,4,1
38,2024-09-18 21:03:49,risk-engine,staging,32,1404,0.655,14,0,0.784,5.86,3.26,24,4,1.6,21,3,0
39,2025-05-10 21:03:49,internet-banking,qa,0,806,0.691,6,0,1.0,3.65,2.16,37,8,1.9,19,5,0
40,2025-05-05 21:03:49,risk-engine,prod,8,731,0.678,9,3,0.919,2.45,3.52,28,7,2.5,6,6,0
41,2024-12-11 21:03:49,core-banking,staging,8,1822,0.617,13,1,0.936,4.39,1.72,43,4,2.5,5,6,1
42,2025-08-28 21:03:49,onboarding,staging,18,1782,0.667,9,1,0.817,1.17,4.61,65,2,1.1,2,1,0
43,2025-07-28 21:03:49,payments,prod,30,1814,0.571,15,3,0.914,5.33,2.86,42,0,3.4,5,3,1
44,2024-10-22 21:03:49,risk-engine,prod,13,1852,0.752,7,1,0.997,5.35,1.31,34,1,2.8,9,1,1
45,2025-08-06 21:03:49,internet-banking,prod,19,38,0.798,13,0,0.795,7.67,3.35,63,5,3.6,15,3,1
46,2025-08-27 21:03:49,internet-banking,qa,19,1238,0.672,15,0,0.863,5.15,3.31,32,6,0.7,7,0,1
47,2025-04-11 21:03:49,core-banking,staging,15,1379,0.831,10,0,0.895,8.1,2.02,24,5,3.0,3,0,1
48,2025-02-13 21:03:49,internet-banking,prod,24,1373,0.598,4,1,0.872,3.96,2.9,48,0,1.6,8,1,1
49,2024-12-14 21:03:49,internet-banking,staging,13,828,0.765,12,0,0.885,6.56,3.16,44,6,1.4,11,1,1
50,2024-12-08 21:03:49,onboarding,prod,6,1559,0.813,20,0,0.87,4.21,3.01,31,0,5.5,1,2,0
51,2024-11-08 21:03:49,payments,prod,31,1765,0.845,15,0,0.951,6.68,1.22,36,2,1.8,7,5,1
52,2024-10-30 21:03:49,internet-banking,qa,38,1507,0.74,6,0,0.905,3.39,2.95,34,9,4.2,13,6,0
53,2025-02-13 21:03:49,onboarding,qa,14,1409,0.645,5,0,0.931,2.43,2.88,46,7,4.3,14,4,1
54,2025-03-25 21:03:49,risk-engine,dev,28,2272,0.83,11,2,0.874,6.43,2.8,28,4,2.6,18,6,1
55,2024-11-12 21:03:49,mobile-app,staging,27,816,0.672,19,2,0.925,3.68,0.88,12,4,3.2,2,5,0
56,2025-03-28 21:03:49,mobile-app,prod,40,823,0.682,8,1,0.874,8.85,4.84,30,9,3.2,22,6,1
57,2025-05-01 21:03:49,payments,prod,56,2010,0.649,16,2,0.861,7.82,3.03,38,4,3.6,1,2,0
58,2025-06-07 21:03:49,payments,prod,10,1464,0.728,8,0,0.793,5.19,2.42,34,4,2.1,5,4,1
59,2025-08-03 21:03:49,core-banking,staging,24,1367,0.71,11,2,0.976,3.78,1.83,21,4,4.6,10,0,0
60,2025-06-13 21:03:49,onboarding,prod,19,1254,0.724,10,2,0.846,4.28,3.48,16,5,3.3,1,1,0
61,2025-02-11 21:03:49,core-banking,staging,22,733,0.727,6,0,0.932,7.11,2.38,46,7,4.8,17,1,1
62,2025-01-01 21:03:49,core-banking,staging,16,1571,0.663,11,1,0.886,6.83,2.77,35,4,3.7,20,6,1
63,2025-01-28 21:03:49,onboarding,prod,13,1447,0.814,16,2,0.971,6.98,4.2,38,2,3.6,3,5,1
64,2025-01-28 21:03:49,risk-engine,staging,29,1786,0.604,8,0,0.861,10.49,3.0,39,8,3.3,6,4,1
65,2025-04-04 21:03:49,internet-banking,prod,22,1054,0.812,12,0,0.892,6.45,3.62,23,0,4.4,15,4,1
66,2025-04-27 21:03:49,internet-banking,staging,9,1637,0.794,13,0,0.788,6.66,2.7,29,6,4.8,17,5,1
67,2025-08-07 21:03:49,onboarding,prod,32,1572,0.733,16,1,0.842,5.17,3.63,35,5,3.9,17,4,1
68,2025-08-04 21:03:49,payments,qa,39,1199,0.554,6,1,0.904,5.45,2.66,42,5,3.5,23,3,1
69,2025-06-22 21:03:49,internet-banking,staging,3,1521,0.72,17,2,0.916,5.0,3.49,28,3,4.3,4,6,0
70,2025-01-12 21:03:49,payments,prod,34,1919,0.73,8,0,0.857,7.09,2.04,40,0,3.0,2,3,1
71,2025-05-28 21:03:49,payments,prod,26,1746,0.732,14,0,1.0,5.09,4.13,27,3,2.0,3,5,1
72,2025-05-28 21:03:49,mobile-app,prod,13,1362,0.561,7,0,1.0,11.62,2.41,52,4,3.0,5,1,0
73,2024-12-05 21:03:49,onboarding,prod,11,573,0.785,10,1,0.901,7.59,3.18,27,7,4.9,2,6,1
74,2025-01-01 21:03:49,risk-engine,staging,31,1859,0.772,6,1,0.792,4.41,4.3,45,8,2.9,5,6,1
75,2025-04-11 21:03:49,internet-banking,qa,36,1283,0.755,7,0,0.9,4.5,2.76,32,3,5.1,0,1,0
76,2024-12-21 21:03:49,mobile-app,qa,22,1088,0.858,11,1,0.905,6.07,2.91,35,9,0.6,15,1,0
77,2025-09-01 21:03:49,core-banking,prod,29,1269,0.822,17,0,0.977,6.55,2.44,43,4,3.2,22,6,1
78,2025-04-28 21:03:49,payments,qa,21,1347,0.569,7,1,1.0,9.6,2.59,30,0,1.1,6,2,0
79,2024-10-22 21:03:49,mobile-app,staging,17,1589,0.757,14,0,0.968,4.4,3.63,34,0,2.9,18,1,0
80,2024-10-19 21:03:49,risk-engine,qa,35,1346,0.795,21,1,0.802,4.15,4.48,22,0,2.7,1,0,0
81,2024-11-19 21:03:49,payments,staging,17,972,0.948,13,1,0.861,5.63,2.29,3,0,1.2,9,0,0
82,2025-09-01 21:03:49,mobile-app,staging,37,1746,0.798,7,0,0.958,4.85,3.56,41,2,2.0,12,3,0
83,2025-08-30 21:03:49,risk-engine,staging,28,1024,0.723,14,0,1.0,8.55,2.0,55,2,4.3,9,6,0
84,2025-06-08 21:03:49,risk-engine,prod,9,2080,0.872,8,1,0.842,4.74,3.77,34,9,2.7,23,2,1
85,2025-06-26 21:03:49,onboarding,dev,24,1430,0.636,15,1,0.947,9.07,4.45,30,5,2.5,14,0,1
86,2025-08-14 21:03:49,onboarding,qa,22,2216,0.503,1,1,0.905,6.5,1.67,34,10,4.1,16,1,1
87,2024-11-08 21:03:49,risk-engine,prod,27,2007,0.562,8,0,0.823,6.11,0.92,42,6,2.9,17,4,1
88,2025-08-22 21:03:49,risk-engine,qa,21,791,0.8,8,0,0.945,9.67,2.8,39,0,4.5,15,4,1
89,2025-06-30 21:03:49,onboarding,prod,27,2080,0.749,4,0,0.959,2.24,1.93,45,4,3.7,5,0,1
90,2025-09-11 21:03:49,internet-banking,dev,22,1021,0.763,14,1,0.817,10.62,3.33,26,6,3.1,7,6,0
91,2025-08-13 21:03:49,core-banking,qa,32,2647,0.767,10,2,0.867,5.49,2.62,45,0,4.1,12,2,0
92,2024-11-26 21:03:49,core-banking,prod,37,2075,0.569,16,1,0.772,5.95,3.36,41,4,3.5,10,4,1
93,2025-02-28 21:03:49,risk-engine,qa,23,448,0.729,18,0,0.927,4.17,2.33,52,2,3.7,6,6,1
94,2025-02-01 21:03:49,onboarding,qa,30,654,0.838,10,0,0.861,4.84,3.69,38,5,3.2,12,5,0
95,2025-05-10 21:03:49,internet-banking,prod,37,2320,0.635,23,1,0.978,6.06,2.78,32,5,4.7,4,4,1
96,2025-07-06 21:03:49,payments,staging,31,1947,0.693,7,0,0.769,6.47,2.92,29,0,1.8,22,2,1
97,2025-06-09 21:03:49,onboarding,staging,39,1413,0.749,23,1,0.875,4.81,2.67,41,3,2.8,10,4,0
98,2025-06-23 21:03:49,onboarding,prod,42,1714,0.816,8,0,0.937,7.98,3.04,19,0,1.6,8,0,1
99,2025-01-29 21:03:49,onboarding,prod,2,1385,0.704,22,2,0.869,9.41,3.45,41,4,3.6,20,1,1
100,2025-06-29 21:03:49,risk-engine,staging,28,1607,0.658,11,1,0.814,5.29,1.9,38,0,4.0,10,5,1
101,2025-01-16 21:03:49,risk-engine,qa,28,1372,0.77,1,1,1.0,6.26,3.07,41,6,1.0,12,5,0
102,2025-01-26 21:03:49,risk-engine,staging,21,339,0.593,0,2,0.885,5.15,4.08,49,3,0.9,11,2,1
103,2025-06-20 21:03:49,onboarding,staging,13,2705,0.624,15,2,0.826,9.03,2.74,45,4,3.1,15,6,1
104,2025-09-13 21:03:49,onboarding,qa,30,1737,0.563,8,2,0.871,3.25,2.37,26,6,4.1,22,6,1
105,2025-01-02 21:03:49,mobile-app,prod,13,935,0.657,6,0,0.958,2.83,3.03,32,5,3.2,20,1,1
106,2025-04-11 21:03:49,onboarding,staging,2,1707,0.839,11,1,0.844,5.76,1.38,6,6,2.1,10,3,0
107,2025-03-26 21:03:49,onboarding,qa,17,1726,0.765,13,2,1.0,3.86,2.95,48,7,1.6,9,3,1
108,2024-11-24 21:03:49,mobile-app,dev,22,1269,0.749,10,0,0.906,4.64,3.53,69,0,3.6,2,1,1
109,2025-02-20 21:03:49,mobile-app,prod,36,1615,0.833,0,0,0.93,8.16,1.78,25,4,3.2,3,6,0
110,2025-09-05 21:03:49,risk-engine,staging,25,1377,0.573,14,1,0.863,7.3,1.51,35,3,4.5,19,5,0
111,2025-07-03 21:03:49,payments,staging,30,1268,0.696,4,1,0.759,7.5,3.13,63,0,3.1,1,6,1
112,2025-04-21 21:03:49,risk-engine,prod,25,1669,0.65,11,2,0.911,6.9,2.77,15,6,3.6,22,0,1
113,2025-08-16 21:03:49,mobile-app,prod,19,2237,0.656,15,2,0.92,5.72,3.87,28,0,1.7,17,6,1
114,2025-04-02 21:03:49,onboarding,staging,20,2924,0.546,13,2,0.861,6.28,0.67,37,9,2.7,7,1,0
115,2025-07-17 21:03:49,mobile-app,dev,2,1884,0.709,6,2,0.853,4.94,3.61,18,7,1.7,1,6,1
116,2024-09-25 21:03:49,core-banking,qa,15,1182,0.727,12,2,0.898,5.57,1.56,28,6,1.7,10,5,1
117,2025-02-16 21:03:49,core-banking,qa,39,1803,0.589,15,2,0.854,6.63,2.51,45,1,2.5,23,3,1
118,2025-01-16 21:03:49,onboarding,qa,42,2860,0.617,12,1,0.838,4.74,1.94,22,3,1.9,7,3,1
119,2025-06-23 21:03:49,payments,dev,21,1229,0.727,5,1,0.99,6.59,1.65,37,0,4.8,9,3,1
120,2025-03-21 21:03:49,internet-banking,dev,31,2227,0.831,4,0,0.981,2.68,2.99,38,3,1.2,5,3,1
121,2024-10-23 21:03:49,internet-banking,prod,20,1476,0.764,10,0,0.907,2.16,3.48,34,4,4.3,19,1,1
122,2025-01-20 21:03:49,payments,qa,26,1222,0.786,16,1,0.879,1.78,3.77,49,5,2.2,22,3,0
123,2025-02-25 21:03:49,internet-banking,qa,22,1948,0.726,6,1,0.946,6.18,3.22,31,8,2.2,12,0,1
124,2025-03-28 21:03:49,internet-banking,staging,11,277,0.723,6,0,0.953,4.72,3.23,31,6,3.7,19,0,0
125,2024-10-22 21:03:49,core-banking,qa,11,1893,0.612,19,1,0.923,6.31,2.79,43,2,3.5,19,4,1
126,2024-11-25 21:03:49,onboarding,staging,14,402,0.793,21,0,0.77,7.45,4.42,29,4,1.0,5,4,0
127,2025-03-24 21:03:49,mobile-app,prod,30,2114,0.642,6,0,0.879,4.84,1.45,40,2,2.0,10,1,0
128,2025-03-28 21:03:49,core-banking,staging,31,803,0.723,12,2,0.935,4.44,3.51,41,0,4.5,11,2,1
129,2025-03-17 21:03:49,core-banking,qa,10,843,0.823,2,1,0.896,3.62,2.42,22,6,4.0,17,3,0
130,2025-03-24 21:03:49,mobile-app,dev,11,2462,0.717,6,0,0.836,3.45,3.09,20,0,2.8,16,4,1
131,2025-01-06 21:03:49,core-banking,prod,45,1533,0.745,3,2,0.917,3.95,3.91,20,3,2.6,16,3,1
132,2024-12-22 21:03:49,core-banking,prod,17,1791,0.744,11,1,0.964,5.53,2.69,36,9,1.7,18,0,1
133,2025-02-27 21:03:49,payments,prod,29,1602,0.664,12,1,0.837,5.42,3.2,25,1,1.7,20,6,1
134,2025-09-07 21:03:49,onboarding,prod,25,1735,0.75,11,2,1.0,5.1,2.33,40,4,1.7,4,0,1
135,2024-10-22 21:03:49,internet-banking,prod,31,741,0.898,15,0,0.913,5.94,2.34,41,5,3.2,23,1,1
136,2025-06-07 21:03:49,internet-banking,prod,10,1839,0.46,13,1,1.0,5.01,3.66,30,4,4.0,11,1,1
137,2025-01-29 21:03:49,payments,staging,34,1896,0.912,8,0,0.82,7.32,3.5,36,0,4.0,13,0,1
138,2025-05-20 21:03:49,mobile-app,qa,25,1849,0.671,2,1,0.813,3.11,4.72,38,5,2.9,10,4,1
139,2024-10-11 21:03:49,internet-banking,dev,23,1294,0.579,2,0,0.905,3.43,2.97,35,0,2.2,14,0,1
140,2024-12-30 21:03:49,mobile-app,prod,35,1966,0.71,9,0,0.937,6.39,3.63,36,6,3.3,18,2,0
141,2025-03-13 21:03:49,core-banking,staging,40,1653,0.549,8,0,0.878,4.98,4.4,22,1,3.4,20,0,1
142,2025-03-02 21:03:49,payments,qa,29,1344,0.726,12,2,0.962,7.11,3.04,25,4,3.2,18,2,1
143,2025-04-04 21:03:49,risk-engine,qa,35,1558,0.954,10,2,0.836,5.3,3.25,45,4,4.6,3,6,1
144,2025-01-21 21:03:49,onboarding,qa,17,1083,0.626,16,0,0.91,5.87,3.73,24,0,3.4,6,2,1
145,2025-01-14 21:03:49,mobile-app,staging,17,1187,0.626,18,1,0.948,8.49,5.81,14,1,2.5,16,3,1
146,2025-01-05 21:03:49,payments,prod,28,1531,0.768,14,0,0.87,10.24,3.23,12,0,1.3,11,0,1
147,2025-08-23 21:03:49,risk-engine,staging,30,1935,0.627,7,0,0.914,2.29,2.82,35,3,2.3,23,5,1
148,2024-12-29 21:03:49,onboarding,qa,35,1323,0.674,14,0,0.865,7.58,3.98,50,9,2.2,16,5,1
149,2024-10-14 21:03:49,mobile-app,staging,10,1555,0.643,12,1,0.812,6.47,3.15,41,10,3.5,0,1,1
150,2025-05-30 21:03:49,mobile-app,dev,15,873,0.716,11,0,0.876,8.46,2.19,18,6,3.7,1,5,1
151,2025-08-09 21:03:49,core-banking,prod,36,878,0.712,15,1,0.983,3.64,3.33,37,7,3.8,19,0,1
152,2024-09-16 21:03:49,payments,prod,29,1973,0.781,10,1,0.864,6.83,1.91,42,6,3.3,7,1,1
153,2024-11-02 21:03:49,onboarding,qa,5,2241,0.721,17,0,0.937,6.73,3.7,62,6,1.5,16,0,1
154,2025-08-27 21:03:49,payments,prod,36,2056,0.977,8,0,0.876,5.02,2.11,1,2,3.6,21,3,1
155,2025-08-05 21:03:49,internet-banking,staging,27,1995,0.748,18,2,0.94,6.73,2.71,39,10,2.9,10,2,1
156,2025-06-21 21:03:49,payments,prod,1,1810,0.498,19,0,0.98,4.2,1.45,38,3,2.7,4,6,1
157,2025-01-15 21:03:49,mobile-app,staging,33,2387,0.701,1,0,0.965,4.06,2.82,26,8,4.0,5,5,0
158,2025-03-04 21:03:49,internet-banking,qa,13,188,0.735,13,0,1.0,9.14,2.0,30,5,6.0,9,1,1
159,2024-11-04 21:03:49,core-banking,prod,32,839,0.696,11,0,0.872,1.12,3.5,26,4,3.1,21,5,1
160,2025-03-04 21:03:49,payments,staging,31,1131,0.559,15,1,0.896,2.08,3.71,15,4,2.2,1,0,1
161,2025-07-22 21:03:49,onboarding,dev,30,1232,0.818,13,1,0.831,2.71,3.29,30,0,2.6,9,4,1
162,2024-09-20 21:03:49,mobile-app,qa,36,2314,0.646,8,1,0.714,2.28,2.72,53,2,3.3,3,2,0
163,2025-02-01 21:03:49,onboarding,prod,43,586,0.823,6,0,0.881,4.08,2.02,38,6,3.1,15,3,1
164,2025-05-07 21:03:49,payments,staging,33,3062,0.682,9,2,0.966,4.93,2.6,41,1,2.7,21,3,1
165,2025-07-30 21:03:49,core-banking,prod,5,744,0.589,11,0,0.844,4.45,2.56,50,5,3.2,10,1,0
166,2024-10-03 21:03:49,internet-banking,staging,15,1521,0.517,13,1,0.878,9.63,2.12,37,3,3.1,7,3,1
167,2025-03-23 21:03:49,risk-engine,dev,24,1989,0.65,15,0,0.987,10.42,2.88,8,2,4.6,5,1,1
168,2025-07-30 21:03:49,core-banking,staging,37,2051,0.872,13,1,0.875,4.8,4.71,37,6,3.3,15,5,0
169,2025-01-28 21:03:49,onboarding,staging,7,1370,0.898,10,1,1.0,7.36,2.93,30,7,2.6,2,2,0
170,2025-05-05 21:03:49,internet-banking,dev,23,2127,0.633,3,0,0.95,6.96,3.41,31,6,3.1,2,1,1
171,2025-07-05 21:03:49,payments,prod,29,492,0.709,9,1,0.931,5.24,0.9,45,8,4.8,8,6,0
172,2025-01-21 21:03:49,payments,staging,36,935,0.74,14,0,0.938,10.55,3.64,52,4,3.1,4,3,1
173,2025-04-27 21:03:49,payments,prod,38,905,0.817,11,1,0.937,7.99,3.08,51,4,3.9,1,6,1
174,2024-12-09 21:03:49,mobile-app,staging,8,1006,0.844,13,1,0.983,4.91,4.41,33,4,4.5,13,5,0
175,2025-04-24 21:03:49,core-banking,qa,11,499,0.802,8,0,0.751,4.64,2.99,46,1,5.0,15,5,0
176,2024-12-23 21:03:49,core-banking,prod,19,1406,0.855,19,1,0.897,6.18,2.01,34,4,4.5,4,1,0
177,2025-04-01 21:03:49,core-banking,staging,22,1898,0.661,14,0,0.822,4.09,4.45,33,8,2.6,19,6,1
178,2025-01-02 21:03:49,payments,qa,26,2271,0.637,11,3,0.921,4.1,2.82,40,0,2.4,6,5,1
179,2025-01-05 21:03:49,core-banking,staging,21,1337,0.718,8,1,1.0,5.07,3.49,32,5,4.9,23,0,0
180,2025-03-28 21:03:49,payments,prod,22,2097,0.651,4,0,0.759,5.52,4.29,12,0,2.1,9,5,0
181,2025-03-19 21:03:49,mobile-app,prod,29,1587,0.759,7,0,0.811,7.67,4.19,37,3,3.6,6,1,0
182,2024-12-03 21:03:49,internet-banking,qa,32,1455,0.606,11,1,0.909,6.32,4.04,21,4,4.6,18,4,1
183,2025-06-02 21:03:49,onboarding,prod,15,1398,0.904,5,1,0.796,9.45,2.54,34,2,2.2,8,6,1
184,2025-04-25 21:03:49,core-banking,staging,31,1001,0.542,17,1,0.984,5.06,2.83,43,5,2.8,12,1,1
185,2024-12-16 21:03:49,risk-engine,qa,31,1698,0.795,16,2,0.771,4.93,3.89,28,1,1.2,20,3,1
186,2024-11-27 21:03:49,mobile-app,staging,30,1353,0.704,9,0,0.944,5.07,3.47,22,8,2.5,21,1,1
187,2024-10-12 21:03:49,mobile-app,staging,25,1466,0.662,9,0,0.891,4.43,2.48,48,6,3.8,5,2,1
188,2025-02-13 21:03:49,risk-engine,staging,34,2024,0.622,7,0,1.0,2.17,3.28,18,2,2.8,7,3,1
189,2024-10-30 21:03:49,core-banking,staging,10,1967,0.795,16,0,0.924,7.35,1.97,35,3,5.2,15,4,0
190,2025-06-09 21:03:49,core-banking,dev,34,2082,0.62,14,0,0.944,6.46,4.2,35,3,4.4,9,6,1
191,2025-04-26 21:03:49,mobile-app,qa,19,1127,0.799,16,0,1.0,8.74,3.24,25,8,3.1,2,4,1
192,2024-11-15 21:03:49,onboarding,dev,31,1029,0.99,6,1,0.941,9.06,3.06,41,0,2.5,21,1,1
193,2024-11-10 21:03:49,internet-banking,qa,11,1177,0.637,13,0,0.972,7.5,4.14,34,4,3.8,11,6,1
194,2024-11-25 21:03:49,risk-engine,qa,29,1443,0.654,8,0,0.978,6.16,2.14,44,2,1.7,6,3,1
195,2024-12-16 21:03:49,core-banking,dev,36,1512,0.6,14,1,1.0,6.0,0.76,39,9,4.9,17,1,1
196,2025-09-01 21:03:49,onboarding,dev,27,736,0.656,8,0,0.964,6.55,1.65,31,1,4.2,14,5,0
197,2025-03-04 21:03:49,payments,qa,7,2352,0.68,8,0,1.0,6.05,2.71,33,4,5.0,21,4,0
198,2024-12-14 21:03:49,core-banking,prod,32,1323,0.468,1,1,0.942,6.23,3.18,58,0,3.2,9,0,1
199,2025-02-01 21:03:49,payments,staging,39,1091,0.923,11,0,0.896,5.94,2.42,36,4,2.3,16,6,1
200,2024-11-29 21:03:49,internet-banking,qa,40,1382,0.746,5,1,1.0,6.42,4.59,37,8,3.9,3,6,1
201,2024-10-10 21:03:49,risk-engine,staging,17,773,0.953,16,0,1.0,7.38,4.97,16,3,2.7,2,4,1
202,2024-12-11 21:03:49,payments,staging,48,1288,0.678,12,0,0.855,4.74,4.06,39,0,1.9,21,0,1
203,2025-01-10 21:03:49,risk-engine,qa,25,1941,0.584,7,1,0.892,7.14,1.77,39,7,3.7,16,1,1
204,2025-04-20 21:03:49,onboarding,qa,37,1428,0.631,9,0,0.87,6.97,3.52,45,8,4.3,6,3,1
205,2025-04-30 21:03:49,mobile-app,qa,13,1234,0.673,8,0,0.994,6.4,5.47,37,3,3.2,14,1,0
206,2024-10-10 21:03:49,core-banking,qa,33,1624,0.563,15,2,0.831,5.98,1.27,19,7,2.7,1,0,1
207,2025-06-27 21:03:49,internet-banking,prod,32,802,0.629,12,1,0.999,4.67,3.94,25,9,2.0,15,4,1
208,2025-04-07 21:03:49,internet-banking,dev,14,1186,0.798,17,0,0.904,7.52,3.13,19,1,3.5,22,5,0
209,2024-11-06 21:03:49,core-banking,prod,32,1099,0.705,7,1,0.927,6.37,3.69,41,4,3.8,7,6,0
210,2025-06-12 21:03:49,onboarding,prod,31,1098,0.725,8,0,0.81,8.53,4.07,41,9,3.0,6,2,1
211,2025-07-10 21:03:49,payments,staging,21,1723,0.804,11,1,0.919,6.54,2.09,40,3,2.5,5,0,1
212,2025-01-26 21:03:49,core-banking,staging,18,1469,0.775,14,0,0.848,6.68,2.12,27,1,1.9,7,2,0
213,2025-04-26 21:03:49,internet-banking,dev,32,443,0.806,12,1,0.93,4.03,1.5,26,5,4.0,3,4,1
214,2024-09-20 21:03:49,risk-engine,prod,11,646,0.638,12,2,0.891,8.12,1.7,32,7,2.7,4,3,1
215,2024-11-05 21:03:49,payments,staging,29,1294,0.768,13,0,0.856,6.08,2.94,43,0,4.3,14,5,1
216,2025-04-02 21:03:49,risk-engine,dev,35,2356,0.729,3,1,0.92,4.82,2.09,34,5,1.6,11,4,1
217,2024-10-27 21:03:49,internet-banking,prod,20,1827,0.83,15,0,0.808,8.23,2.15,38,4,3.7,3,5,1
218,2024-11-27 21:03:49,internet-banking,prod,26,2189,0.716,4,2,0.87,6.68,2.35,54,1,2.8,19,2,1
219,2024-11-22 21:03:49,risk-engine,dev,20,1737,0.445,11,1,0.835,8.16,2.67,32,2,1.1,0,2,1
220,2025-01-02 21:03:49,risk-engine,staging,21,2546,0.797,9,0,0.841,8.02,1.64,47,2,2.1,9,0,1
221,2024-09-15 21:03:49,internet-banking,prod,19,1872,0.764,11,1,0.912,7.1,5.06,46,6,6.6,15,3,1
222,2025-04-08 21:03:49,mobile-app,qa,20,1196,0.785,11,0,0.987,7.73,2.84,26,7,4.1,1,4,0
223,2025-07-22 21:03:49,core-banking,staging,34,1670,0.779,12,1,0.879,6.04,2.97,12,2,3.3,12,0,1
224,2025-04-28 21:03:49,payments,prod,8,1291,0.796,20,2,0.783,5.54,3.26,37,5,2.2,16,6,0
225,2025-06-07 21:03:49,onboarding,staging,21,122,0.658,9,0,0.913,5.89,0.74,37,1,3.7,2,6,1
226,2024-09-22 21:03:49,mobile-app,dev,26,1346,0.566,4,1,0.899,4.78,3.63,31,1,2.9,1,5,1
227,2025-03-06 21:03:49,mobile-app,staging,24,1755,0.718,9,1,0.859,3.85,1.27,25,0,3.8,9,3,1
228,2025-07-06 21:03:49,mobile-app,prod,20,1739,0.802,8,1,0.779,3.5,3.71,55,5,3.2,12,4,1
229,2025-04-11 21:03:49,mobile-app,prod,13,1539,0.732,16,0,0.998,6.02,2.88,47,1,6.3,14,4,1
230,2025-03-23 21:03:49,internet-banking,qa,32,536,0.86,10,1,0.798,7.05,2.35,36,3,5.3,14,2,1
231,2025-09-11 21:03:49,risk-engine,staging,36,1302,0.678,16,0,0.897,2.84,3.7,58,6,4.8,19,1,1
232,2025-01-17 21:03:49,internet-banking,qa,32,1561,0.579,5,1,0.939,10.13,4.36,12,8,4.2,3,3,1
233,2024-09-29 21:03:49,mobile-app,staging,11,1866,0.506,10,1,0.901,5.0,3.89,46,7,4.2,13,5,1
234,2024-11-19 21:03:49,mobile-app,staging,22,772,0.624,10,0,1.0,5.92,4.0,47,3,3.9,14,5,0
235,2025-08-09 21:03:49,mobile-app,staging,26,2488,0.702,14,1,0.817,7.02,1.61,27,7,3.6,16,2,1
236,2024-09-16 21:03:49,onboarding,staging,31,1063,0.724,10,0,0.826,9.14,3.38,19,0,3.1,13,4,1
237,2025-01-21 21:03:49,core-banking,qa,29,698,0.814,10,1,0.835,6.35,3.35,33,5,2.9,4,0,0
238,2025-03-22 21:03:49,onboarding,dev,30,1054,0.602,17,0,0.974,5.49,2.79,39,5,2.3,16,5,1
239,2024-12-10 21:03:49,risk-engine,qa,38,2505,0.792,6,0,0.968,7.45,3.78,39,3,2.5,21,6,0
240,2024-12-13 21:03:49,mobile-app,prod,11,1887,0.925,12,0,0.925,10.06,1.98,37,1,2.6,8,2,1
241,2025-01-01 21:03:49,payments,dev,21,2995,0.677,9,1,1.0,7.94,5.42,18,8,3.3,5,4,1
242,2025-06-29 21:03:49,onboarding,prod,24,1887,0.643,9,0,0.752,7.72,4.19,26,5,2.9,19,3,1
243,2025-06-03 21:03:49,internet-banking,prod,24,2713,0.725,7,1,0.95,7.45,4.19,27,3,3.0,3,3,0
244,2025-06-26 21:03:49,mobile-app,prod,11,566,0.886,11,2,0.878,3.05,4.42,30,8,3.3,23,5,1
245,2025-05-08 21:03:49,payments,staging,31,1708,0.697,21,1,0.9,6.03,3.4,29,4,3.0,3,5,1
246,2025-01-29 21:03:49,risk-engine,qa,26,1792,0.773,14,3,0.791,9.95,1.95,42,1,3.3,5,4,1
247,2025-05-12 21:03:49,internet-banking,prod,14,1660,0.599,14,1,1.0,7.44,2.91,11,0,4.6,10,1,1
248,2025-05-24 21:03:49,internet-banking,prod,12,1469,0.631,8,0,0.942,5.54,2.82,42,3,2.9,15,2,1
249,2024-11-01 21:03:49,core-banking,staging,17,983,0.797,14,0,0.922,6.09,3.7,46,6,3.1,5,0,1
250,2025-01-06 21:03:49,risk-engine,qa,27,1058,0.79,26,1,0.906,5.11,2.51,53,1,2.7,19,6,1
251,2025-04-27 21:03:49,risk-engine,prod,52,1279,0.553,16,1,1.0,5.44,2.37,32,6,2.9,1,4,0
252,2025-08-05 21:03:49,onboarding,staging,12,1738,0.541,9,1,0.924,7.18,2.93,49,6,3.7,16,4,1
253,2024-09-20 21:03:49,risk-engine,qa,29,1827,0.829,7,0,0.937,5.86,1.11,39,0,2.2,19,0,0
254,2025-05-07 21:03:49,risk-engine,prod,25,2568,0.671,9,1,0.87,7.44,1.52,32,0,2.0,10,1,1
255,2025-07-19 21:03:49,onboarding,staging,22,1680,0.818,0,0,0.913,5.8,3.4,38,3,2.6,2,2,0
256,2024-10-20 21:03:49,mobile-app,prod,24,1610,0.876,10,1,0.999,5.87,2.79,31,3,4.1,18,3,1
257,2025-07-27 21:03:49,internet-banking,dev,46,1393,0.643,19,1,0.946,5.72,2.68,32,0,3.1,14,3,1
258,2025-02-25 21:03:49,risk-engine,prod,24,3143,0.807,7,0,0.841,3.29,2.65,36,0,1.9,20,2,1
259,2025-01-15 21:03:49,internet-banking,qa,32,789,0.884,3,3,0.933,9.33,3.32,41,4,2.1,22,2,1
260,2025-02-16 21:03:49,risk-engine,staging,20,826,0.752,5,0,0.861,8.81,3.32,49,1,3.3,23,4,1
261,2025-04-20 21:03:49,risk-engine,qa,12,651,0.486,6,0,0.772,3.26,4.79,27,4,3.9,0,1,1
262,2025-05-17 21:03:49,core-banking,qa,49,543,0.615,6,0,1.0,10.84,2.52,19,0,2.9,5,4,1
263,2025-09-13 21:03:49,payments,prod,28,1310,0.61,15,0,0.971,7.58,1.58,17,1,2.0,17,5,0
264,2025-02-20 21:03:49,onboarding,prod,27,2219,0.767,12,0,0.909,5.39,2.16,43,7,3.1,21,3,1
265,2025-05-26 21:03:49,core-banking,prod,17,2930,0.713,9,0,0.979,1.99,2.24,46,2,2.3,7,5,1
266,2025-01-06 21:03:49,internet-banking,qa,22,1017,0.621,6,0,0.817,2.87,3.22,37,9,2.5,18,2,1
267,2025-04-22 21:03:49,risk-engine,staging,32,1696,0.694,10,1,0.836,4.76,1.88,40,7,2.2,21,6,1
268,2024-09-23 21:03:49,onboarding,prod,31,1092,0.821,10,1,0.8,6.51,3.9,38,10,4.8,10,2,1
269,2025-02-22 21:03:49,onboarding,prod,36,1716,0.746,15,1,0.914,5.77,4.51,46,3,3.2,7,1,1
270,2025-01-22 21:03:49,internet-banking,prod,16,921,0.656,15,2,0.916,3.55,2.54,42,5,2.4,15,5,1
271,2024-10-03 21:03:49,risk-engine,staging,23,1555,0.705,11,2,0.823,5.7,2.83,28,3,3.3,10,1,1
272,2024-10-21 21:03:49,mobile-app,qa,30,1725,0.807,15,1,0.892,6.49,4.06,27,2,3.4,12,6,1
273,2024-11-13 21:03:49,onboarding,staging,2,1368,0.704,11,1,0.803,4.35,0.5,29,2,2.6,13,6,1
274,2025-05-20 21:03:49,internet-banking,prod,35,1488,0.638,3,2,0.96,10.55,3.06,25,0,3.8,23,3,0
275,2025-08-10 21:03:49,payments,qa,22,1838,0.737,8,0,0.872,7.55,0.58,50,8,3.2,16,0,1
276,2025-06-13 21:03:49,payments,dev,16,1134,0.833,16,1,0.841,4.71,3.73,23,5,4.0,17,2,1
277,2025-07-12 21:03:49,payments,staging,15,2110,0.643,13,0,0.816,4.78,4.38,37,0,3.5,19,6,1
278,2025-05-01 21:03:49,onboarding,qa,21,2352,0.536,12,1,0.891,2.53,2.6,52,5,2.3,3,1,1
279,2024-09-20 21:03:49,internet-banking,staging,35,1773,0.587,5,0,0.792,5.55,3.3,21,0,3.1,11,5,0
280,2024-09-24 21:03:49,mobile-app,qa,17,857,0.669,14,0,0.732,4.43,4.2,35,0,5.8,0,6,1
281,2025-08-10 21:03:49,internet-banking,staging,17,2773,0.82,16,0,0.82,8.56,2.16,38,0,1.0,7,4,1
282,2024-12-15 21:03:49,mobile-app,prod,46,2333,0.694,12,1,0.99,5.31,3.03,38,5,3.1,6,0,1
283,2025-02-23 21:03:49,internet-banking,prod,29,2531,0.681,20,1,1.0,3.62,2.31,40,5,5.3,5,6,1
284,2025-05-09 21:03:49,internet-banking,prod,15,2344,0.843,14,0,0.918,5.84,3.64,35,1,2.0,23,5,0
285,2025-06-07 21:03:49,onboarding,qa,30,1123,0.867,10,0,0.939,2.33,2.21,46,0,4.4,18,3,0
286,2025-08-06 21:03:49,internet-banking,prod,20,2020,0.653,9,1,0.927,8.32,2.82,19,0,3.6,17,1,0
287,2024-12-06 21:03:49,core-banking,prod,22,1273,0.624,19,1,0.964,5.07,2.59,55,1,2.5,6,3,1
288,2024-10-02 21:03:49,risk-engine,prod,16,2268,0.727,14,1,0.847,9.36,2.81,29,7,2.4,11,2,0
289,2025-06-18 21:03:49,core-banking,staging,45,1701,0.482,13,0,0.903,6.49,2.97,34,5,2.6,5,1,1
290,2024-12-16 21:03:49,risk-engine,qa,10,1569,0.627,9,0,0.938,7.14,1.23,57,0,4.9,7,2,1
291,2025-02-28 21:03:49,core-banking,prod,20,1517,0.695,1,1,0.894,5.03,2.44,39,1,0.7,21,4,1
292,2024-12-09 21:03:49,risk-engine,prod,25,621,0.617,8,0,0.871,5.1,4.95,39,5,2.8,23,6,1
293,2024-10-19 21:03:49,internet-banking,prod,23,1417,0.794,4,1,0.809,9.54,3.88,8,0,3.1,17,1,0
294,2025-04-27 21:03:49,payments,staging,29,1084,0.792,10,1,0.949,2.74,4.6,37,7,2.0,5,5,0
295,2025-02-24 21:03:49,core-banking,prod,20,891,0.593,11,0,0.845,9.09,2.92,50,2,3.5,23,0,1
296,2024-12-07 21:03:49,payments,prod,32,1048,0.704,7,0,0.925,6.73,4.36,48,6,1.6,20,1,1
297,2025-05-19 21:03:49,mobile-app,staging,11,1386,0.571,11,0,0.942,6.76,4.91,45,2,4.1,3,2,1
298,2025-05-30 21:03:49,internet-banking,dev,24,887,0.73,6,1,0.902,8.8,3.01,25,3,1.7,8,4,0
299,2025-09-14 21:03:49,payments,staging,22,1154,0.741,13,1,0.987,4.77,3.99,41,3,2.9,10,5,1
300,2025-01-05 21:03:49,mobile-app,staging,42,2032,0.652,14,1,0.859,7.52,3.39,37,3,3.7,4,6,1
301,2025-07-30 21:03:49,risk-engine,prod,14,1756,0.688,20,1,0.841,4.06,3.32,18,2,0.8,8,4,1
302,2025-08-23 21:03:49,internet-banking,staging,11,1978,0.65,20,0,0.819,4.17,3.61,31,3,4.6,15,3,1
303,2025-05-09 21:03:49,internet-banking,dev,23,1326,0.546,6,0,0.889,6.15,4.04,20,3,3.4,20,2,0
304,2024-11-16 21:03:49,payments,prod,42,600,0.719,13,0,0.924,3.79,3.69,47,4,1.2,13,5,1
305,2025-05-21 21:03:49,core-banking,staging,21,2245,0.734,7,1,0.846,4.62,3.36,56,8,3.6,15,5,1
306,2025-02-04 21:03:49,internet-banking,prod,21,1886,0.647,13,0,0.94,6.24,0.5,37,5,3.7,8,5,0
307,2025-01-13 21:03:49,risk-engine,staging,28,1762,0.824,13,1,0.705,5.05,3.76,30,6,3.4,5,3,0
308,2025-03-08 21:03:49,internet-banking,qa,40,476,0.674,16,0,0.919,5.41,3.76,45,2,3.6,20,2,1
309,2024-10-06 21:03:49,onboarding,qa,24,1834,0.708,12,1,1.0,3.72,2.57,36,9,2.7,9,6,1
310,2025-05-05 21:03:49,payments,dev,14,3138,0.779,6,0,0.905,7.69,4.84,39,2,4.1,12,3,1
311,2025-02-06 21:03:49,internet-banking,staging,16,793,0.751,6,1,0.816,5.06,2.39,53,2,4.2,20,3,0
312,2025-07-14 21:03:49,onboarding,dev,17,1602,0.696,7,0,0.934,5.1,3.15,33,1,3.3,11,3,1
313,2025-06-17 21:03:49,payments,dev,30,1083,0.972,16,1,0.964,9.71,2.21,4,2,3.8,18,1,0
314,2025-03-17 21:03:49,payments,staging,32,936,0.61,20,1,0.85,4.76,2.35,26,0,1.5,17,4,1
315,2025-02-10 21:03:49,onboarding,qa,27,1054,0.708,13,1,0.892,8.16,3.01,44,2,1.2,11,4,1
316,2025-09-07 21:03:49,risk-engine,dev,21,1015,0.775,14,2,0.989,4.23,2.42,54,6,2.8,9,0,1
317,2025-07-12 21:03:49,core-banking,prod,24,1286,0.745,17,0,0.815,6.65,2.67,33,3,5.7,1,5,1
318,2025-07-27 21:03:49,core-banking,qa,33,1987,0.715,10,0,0.892,5.84,2.81,38,6,1.8,9,1,1
319,2025-08-16 21:03:49,onboarding,staging,30,642,0.898,8,1,0.968,4.03,2.45,37,12,3.5,18,4,1
320,2025-05-28 21:03:49,internet-banking,qa,35,601,0.88,13,3,1.0,5.32,3.65,32,6,2.3,23,3,0
321,2025-06-02 21:03:49,mobile-app,staging,37,989,0.751,12,1,0.794,6.02,4.98,41,0,0.2,0,2,0
322,2025-07-30 21:03:49,payments,staging,28,2007,0.675,9,0,0.933,7.09,2.99,46,2,1.7,7,5,1
323,2025-03-27 21:03:49,mobile-app,staging,25,1267,0.718,11,0,0.711,9.76,2.85,41,0,2.7,15,6,1
324,2025-04-05 21:03:49,mobile-app,qa,18,1228,0.695,18,0,0.795,2.11,1.91,25,0,2.4,1,2,0
325,2024-12-05 21:03:49,core-banking,qa,26,898,0.566,6,0,0.969,7.8,3.63,26,4,2.8,16,6,1
326,2025-02-11 21:03:49,risk-engine,qa,37,620,0.656,9,2,0.772,7.19,3.67,41,1,3.3,4,6,1
327,2025-02-27 21:03:49,core-banking,prod,13,1608,0.585,6,0,0.864,7.87,3.58,41,0,2.6,15,1,1
328,2025-05-11 21:03:49,risk-engine,staging,21,1635,0.879,11,0,0.945,3.07,1.9,24,1,3.1,11,4,1
329,2025-04-20 21:03:49,internet-banking,dev,4,1542,0.723,12,1,0.999,7.57,2.04,28,3,2.3,18,3,1
330,2024-12-10 21:03:49,payments,prod,26,462,0.715,13,0,0.873,7.66,3.19,19,0,4.4,23,1,0
331,2025-07-06 21:03:49,payments,qa,31,953,0.893,14,0,0.847,6.51,1.33,43,1,3.6,10,1,0
332,2024-12-27 21:03:49,onboarding,qa,43,2331,0.755,11,0,0.99,4.34,2.92,13,7,5.5,2,2,0
333,2025-07-19 21:03:49,payments,qa,18,1875,0.745,9,0,0.91,5.18,1.89,31,5,3.0,10,2,0
334,2024-09-23 21:03:49,onboarding,qa,18,1588,0.776,17,1,0.947,6.39,1.29,57,0,3.7,13,3,0
335,2025-01-20 21:03:49,payments,staging,9,1460,0.664,8,2,0.986,5.31,3.78,35,1,2.9,6,3,1
336,2025-04-15 21:03:49,core-banking,qa,9,509,0.762,7,0,0.962,3.46,1.59,55,5,2.7,8,5,1
337,2024-09-29 21:03:49,onboarding,qa,17,2156,0.68,6,2,0.69,5.76,2.83,44,0,4.5,2,0,1
338,2025-02-15 21:03:49,payments,qa,10,1927,0.643,3,2,0.9,4.35,3.38,13,0,4.7,21,2,0
339,2025-07-17 21:03:49,onboarding,prod,35,1751,0.735,17,0,0.902,5.96,2.73,30,4,3.2,8,0,0
340,2025-01-13 21:03:49,core-banking,prod,22,1714,0.508,16,1,0.998,5.04,2.95,57,3,4.6,5,3,1
341,2025-05-26 21:03:49,payments,prod,18,909,0.656,12,0,0.957,8.61,2.02,26,0,5.4,7,2,1
342,2024-12-12 21:03:49,risk-engine,qa,30,1348,0.828,23,1,0.818,4.24,4.61,47,3,3.2,2,1,0
343,2024-09-21 21:03:49,internet-banking,qa,31,1387,0.697,12,0,1.0,7.17,3.8,32,1,3.9,23,3,1
344,2024-10-01 21:03:49,onboarding,staging,19,2389,0.768,18,0,0.907,4.13,3.01,35,0,2.6,12,1,1
345,2025-01-13 21:03:49,onboarding,prod,29,1390,0.433,9,0,0.765,6.23,4.59,25,4,1.8,9,2,0
346,2025-08-15 21:03:49,onboarding,qa,31,974,0.655,14,0,0.731,5.89,1.52,54,4,2.2,12,4,1
347,2025-05-04 21:03:49,risk-engine,qa,47,1935,0.711,9,3,1.0,5.62,5.12,51,0,2.5,3,0,1
348,2024-09-28 21:03:49,internet-banking,staging,28,853,0.743,15,0,0.96,6.22,1.96,36,5,3.6,18,2,1
349,2025-07-01 21:03:49,onboarding,qa,13,1139,0.698,13,1,0.825,3.62,1.35,32,0,2.1,9,2,0
350,2025-01-14 21:03:49,mobile-app,prod,19,1237,0.774,8,0,0.996,7.77,3.6,46,0,4.7,18,1,0
351,2025-02-13 21:03:49,mobile-app,prod,22,1720,0.689,16,1,0.857,10.09,2.37,32,1,3.6,11,6,0
352,2024-12-10 21:03:49,risk-engine,qa,32,1993,0.825,12,3,0.882,8.11,3.32,24,3,4.8,14,5,1
353,2025-07-06 21:03:49,mobile-app,staging,29,755,0.571,13,0,0.972,6.99,3.53,23,3,1.5,2,3,1
354,2025-01-05 21:03:49,payments,qa,36,1128,0.779,8,0,0.91,5.06,2.56,58,0,3.6,12,5,1
355,2024-10-25 21:03:49,mobile-app,dev,15,1040,0.813,20,0,0.828,6.68,5.43,36,8,2.4,22,6,1
356,2025-08-18 21:03:49,internet-banking,prod,16,2092,0.839,19,1,0.911,5.38,4.35,43,1,2.1,18,1,1
357,2025-01-30 21:03:49,mobile-app,qa,32,2297,0.527,13,1,0.778,4.69,2.16,35,8,5.4,22,6,1
358,2024-11-18 21:03:49,payments,staging,28,1682,0.889,17,0,0.964,7.78,3.31,48,4,3.4,16,0,1
359,2025-05-08 21:03:49,core-banking,prod,13,2360,0.77,11,0,0.924,7.98,2.17,34,6,1.1,6,6,0
360,2025-07-11 21:03:49,core-banking,qa,26,2654,0.688,13,0,0.856,9.63,3.01,56,6,3.5,20,1,1
361,2025-04-26 21:03:49,core-banking,qa,24,1310,0.695,16,1,0.847,4.66,3.38,53,7,1.8,11,1,1
362,2025-04-28 21:03:49,onboarding,prod,10,528,0.637,13,2,0.935,8.35,1.24,49,3,4.0,9,5,1
363,2024-12-03 21:03:49,onboarding,staging,9,1518,0.611,14,1,1.0,4.93,3.93,51,0,3.9,21,2,1
364,2025-01-13 21:03:49,risk-engine,prod,13,1392,0.716,15,0,0.845,6.2,4.01,62,0,3.5,18,1,1
365,2025-07-29 21:03:49,core-banking,prod,19,1454,0.752,14,1,0.794,7.46,2.95,48,1,1.4,11,4,1
366,2025-04-19 21:03:49,payments,staging,16,2554,0.617,8,0,0.752,8.55,3.62,45,5,3.0,5,4,0
367,2024-09-27 21:03:49,risk-engine,prod,33,2386,0.757,16,2,0.862,6.95,2.61,38,0,2.2,14,0,1
368,2025-06-28 21:03:49,payments,dev,19,1509,0.862,16,1,1.0,4.59,2.01,26,3,0.6,21,4,0
369,2025-04-28 21:03:49,mobile-app,staging,18,1853,0.792,8,0,0.722,3.82,2.26,35,1,2.6,4,2,0
370,2025-05-03 21:03:49,mobile-app,prod,25,575,0.658,9,0,0.906,8.85,3.81,23,6,3.9,19,5,1
371,2025-06-27 21:03:49,mobile-app,prod,29,1630,0.697,11,0,0.949,5.91,3.17,39,0,2.2,16,2,1
372,2024-12-07 21:03:49,onboarding,dev,28,1861,0.6,11,0,1.0,7.97,3.34,22,6,3.0,15,1,0
373,2024-10-23 21:03:49,internet-banking,dev,27,1796,0.662,5,1,0.933,10.98,3.45,19,1,3.8,20,0,0
374,2025-05-15 21:03:49,onboarding,prod,33,1293,0.564,15,1,0.893,6.81,2.53,24,7,3.6,5,6,1
375,2025-09-05 21:03:49,core-banking,prod,26,1161,0.798,11,1,0.905,6.34,3.93,39,5,3.6,3,4,0
376,2025-06-15 21:03:49,core-banking,qa,41,2305,0.783,13,0,0.799,5.57,3.1,37,5,4.2,22,6,0
377,2024-10-03 21:03:49,internet-banking,prod,21,1435,0.71,12,0,1.0,6.38,3.66,14,2,4.6,8,5,0
378,2025-07-11 21:03:49,risk-engine,prod,31,2650,0.52,19,1,0.975,5.98,0.65,40,7,3.6,16,3,1
379,2025-07-30 21:03:49,core-banking,prod,42,2177,0.521,4,0,0.773,6.09,3.39,17,6,3.9,8,0,1
380,2025-08-08 21:03:49,mobile-app,prod,25,1601,0.758,13,0,0.923,8.0,2.9,38,3,2.5,18,5,1
381,2025-01-16 21:03:49,mobile-app,prod,21,1303,0.669,3,1,0.919,7.7,2.47,57,2,2.2,11,5,1
382,2025-02-27 21:03:49,risk-engine,prod,31,962,0.901,10,1,1.0,7.32,5.2,37,2,2.5,21,3,1
383,2024-10-12 21:03:49,payments,prod,25,903,0.743,17,1,0.913,4.41,3.87,0,5,6.0,2,0,1
384,2025-02-17 21:03:49,core-banking,prod,35,1783,0.735,15,0,1.0,6.3,3.2,14,2,4.5,11,5,1
385,2024-12-02 21:03:49,payments,qa,25,1298,0.534,14,0,0.757,8.27,3.77,48,5,3.9,11,5,0
386,2025-01-23 21:03:49,risk-engine,qa,17,1422,0.759,13,0,0.992,4.26,3.24,24,3,3.6,3,5,1
387,2025-08-31 21:03:49,core-banking,qa,44,1291,0.733,9,1,0.892,6.3,4.2,42,3,4.4,13,3,1
388,2025-05-01 21:03:49,payments,prod,38,1140,0.692,4,0,0.859,5.89,4.77,41,1,2.4,17,5,0
389,2024-12-15 21:03:49,core-banking,qa,36,904,0.759,23,1,0.838,6.82,2.53,18,6,4.4,9,5,1
390,2025-03-06 21:03:49,payments,dev,19,893,0.909,14,0,0.971,7.54,2.59,38,3,3.7,10,4,1
391,2025-07-25 21:03:49,core-banking,staging,22,365,0.771,16,0,0.869,4.92,1.89,37,4,2.3,11,6,0
392,2025-05-21 21:03:49,payments,staging,24,643,0.662,10,1,0.938,8.88,3.73,46,8,3.8,12,6,1
393,2025-05-08 21:03:49,core-banking,dev,10,995,0.693,15,0,0.991,8.63,4.2,49,0,3.7,3,3,1
394,2025-09-08 21:03:49,internet-banking,prod,29,2710,0.738,24,0,0.902,3.44,4.11,28,2,4.6,11,6,0
395,2025-06-09 21:03:49,core-banking,prod,24,1969,0.875,13,0,0.972,5.53,3.83,55,9,4.5,11,6,1
396,2025-06-12 21:03:49,payments,staging,29,1772,0.725,10,3,0.856,5.68,3.14,55,3,3.3,3,3,0
397,2025-06-23 21:03:49,payments,prod,27,1844,0.705,14,1,0.905,6.28,3.45,31,3,5.1,7,3,1
398,2024-09-23 21:03:49,payments,qa,23,2037,0.779,12,0,0.845,5.51,2.98,15,0,2.0,4,0,1
399,2025-05-14 21:03:49,core-banking,staging,10,1897,0.442,18,0,0.967,4.22,4.05,73,0,4.0,10,0,1
400,2024-09-23 21:03:49,onboarding,dev,26,952,0.798,4,1,0.867,3.19,4.59,34,9,4.5,12,2,1
401,2024-11-27 21:03:49,internet-banking,qa,29,1605,0.7,11,2,0.9,5.21,2.44,28,0,2.4,12,1,1
402,2025-08-27 21:03:49,onboarding,qa,0,1840,0.704,9,0,0.86,1.75,3.92,37,3,2.1,18,1,1
403,2025-03-03 21:03:49,onboarding,dev,11,1635,0.715,16,2,0.661,7.09,2.0,17,3,3.7,13,3,1
404,2024-12-21 21:03:49,core-banking,staging,16,912,0.823,4,1,0.887,5.81,1.29,33,5,1.7,13,2,1
405,2025-06-28 21:03:49,risk-engine,prod,2,1708,0.882,19,1,0.876,4.73,2.7,41,1,4.0,3,1,1
406,2025-06-27 21:03:49,onboarding,staging,32,1464,0.808,9,0,0.887,4.53,2.6,20,9,3.1,7,3,1
407,2024-12-29 21:03:49,core-banking,qa,14,1359,0.83,9,2,0.912,7.0,4.64,39,5,4.0,12,3,1
408,2025-08-14 21:03:49,payments,qa,32,1674,0.728,0,1,0.828,10.1,1.55,25,0,3.6,10,2,1
409,2025-04-30 21:03:49,risk-engine,staging,32,2587,0.651,13,0,0.873,4.96,3.46,47,6,2.3,5,2,0
410,2024-11-21 21:03:49,payments,prod,19,2545,0.751,12,1,1.0,8.61,2.28,31,3,3.4,17,3,0
411,2024-11-21 21:03:49,core-banking,prod,13,1210,0.676,21,0,0.976,5.47,2.71,17,6,3.7,10,0,0
412,2025-05-27 21:03:49,payments,prod,26,2035,0.573,15,1,0.815,1.83,2.86,52,9,3.6,15,0,1
413,2025-01-08 21:03:49,mobile-app,qa,19,1093,0.514,18,1,0.876,4.72,2.2,20,3,5.1,0,4,1
414,2025-01-11 21:03:49,internet-banking,qa,34,1671,0.656,12,1,1.0,7.09,3.67,2,3,5.5,14,4,1
415,2025-07-22 21:03:49,internet-banking,prod,42,1646,0.643,12,1,0.813,6.07,3.85,11,2,4.3,23,6,0
416,2025-01-14 21:03:49,risk-engine,staging,22,1397,0.805,5,1,0.943,5.56,2.54,33,6,3.8,8,2,0
417,2024-10-22 21:03:49,onboarding,prod,39,1001,0.735,11,0,0.77,8.82,2.23,47,2,2.5,7,4,1
418,2025-05-07 21:03:49,payments,qa,22,1494,0.654,16,1,1.0,5.37,3.02,44,4,2.9,22,6,1
419,2025-02-14 21:03:49,core-banking,dev,25,2018,0.71,21,1,0.881,5.66,1.68,22,2,4.4,1,3,1
420,2024-10-28 21:03:49,mobile-app,qa,37,988,0.67,21,0,0.879,7.44,4.01,28,4,4.2,2,6,0
421,2024-10-28 21:03:49,risk-engine,qa,19,1786,0.688,8,0,0.808,6.86,4.13,34,3,3.6,14,6,1
422,2025-05-07 21:03:49,risk-engine,staging,23,1946,0.885,16,1,0.945,11.14,3.62,21,4,1.8,0,4,0
423,2024-10-26 21:03:49,payments,prod,19,2391,0.73,9,1,0.75,3.5,3.11,46,2,4.9,16,1,1
424,2025-02-10 21:03:49,internet-banking,prod,45,442,0.685,18,3,0.945,8.44,3.08,41,9,5.3,2,3,0
425,2025-07-01 21:03:49,mobile-app,dev,11,1348,0.73,9,0,1.0,5.76,2.56,47,4,4.8,15,3,1
426,2024-11-21 21:03:49,risk-engine,prod,6,1727,0.584,18,2,0.88,4.31,3.62,25,1,4.5,0,1,1
427,2024-11-29 21:03:49,mobile-app,prod,28,1009,0.927,9,0,0.885,7.61,3.73,48,1,4.4,4,2,1
428,2024-09-19 21:03:49,onboarding,prod,19,1292,0.891,6,0,1.0,7.25,5.12,29,4,2.5,4,1,0
429,2025-06-03 21:03:49,onboarding,staging,24,1265,0.631,15,1,0.941,10.15,4.49,16,2,3.7,10,5,1
430,2025-04-16 21:03:49,internet-banking,prod,44,1348,0.837,5,2,0.958,8.17,2.04,35,0,3.0,0,3,1
431,2024-12-21 21:03:49,onboarding,dev,18,2554,0.727,6,2,0.772,3.97,4.36,33,9,3.1,0,6,0
432,2025-01-12 21:03:49,onboarding,qa,24,2391,0.816,6,3,0.769,8.48,2.74,24,4,3.0,23,1,1
433,2025-07-12 21:03:49,mobile-app,staging,35,1970,0.862,15,0,0.999,5.82,3.03,55,8,3.2,4,5,1
434,2024-09-21 21:03:49,payments,dev,21,1699,0.718,8,0,0.921,5.25,3.9,50,6,2.9,15,6,1
435,2024-12-05 21:03:49,mobile-app,dev,26,3056,0.866,15,0,0.913,3.99,1.26,24,3,0.9,7,0,0
436,2024-11-17 21:03:49,payments,prod,21,2534,0.786,9,1,0.898,4.46,2.23,47,2,2.0,7,0,0
437,2025-08-22 21:03:49,payments,staging,33,1770,0.943,18,2,1.0,7.52,3.16,46,2,3.3,23,6,1
438,2024-10-21 21:03:49,risk-engine,dev,29,1417,0.527,4,0,0.829,6.83,3.22,47,6,4.4,4,6,0
439,2025-01-27 21:03:49,risk-engine,qa,28,2262,0.485,10,1,0.992,9.14,1.55,51,0,1.9,10,3,1
440,2025-02-18 21:03:49,core-banking,staging,31,2132,0.677,11,1,1.0,1.0,2.04,35,0,2.9,9,2,1
441,2025-01-11 21:03:49,risk-engine,dev,22,1228,0.703,11,1,0.937,5.1,4.26,42,7,2.1,21,4,0
442,2025-02-05 21:03:49,payments,qa,39,811,0.674,11,0,0.759,2.79,3.49,11,2,3.4,0,5,0
443,2025-03-09 21:03:49,risk-engine,prod,27,1111,0.724,13,0,0.963,8.43,2.39,28,3,3.0,8,3,0
444,2024-12-21 21:03:49,risk-engine,staging,31,1633,0.792,5,1,0.895,7.25,2.37,5,0,3.1,13,4,1
445,2025-04-13 21:03:49,onboarding,qa,24,2162,0.661,11,2,1.0,6.78,2.29,33,5,2.9,2,3,1
446,2025-03-11 21:03:49,risk-engine,qa,20,698,0.728,11,1,0.916,7.5,3.7,41,3,2.6,2,0,1
447,2025-02-07 21:03:49,payments,prod,25,920,0.554,16,1,0.833,3.81,3.42,51,2,3.0,17,4,1
448,2025-06-15 21:03:49,risk-engine,prod,0,1441,0.648,10,0,0.965,5.77,2.09,32,5,1.9,3,2,1
449,2025-06-29 21:03:49,core-banking,qa,49,1261,0.775,20,3,0.779,3.23,2.6,31,0,4.1,14,1,1
450,2025-01-14 21:03:49,payments,staging,29,760,0.782,9,0,0.877,5.07,2.67,46,1,5.1,2,2,1
451,2025-02-15 21:03:49,onboarding,qa,20,1293,0.8,19,0,0.868,6.37,2.22,23,0,2.7,19,4,1
452,2024-12-25 21:03:49,onboarding,prod,36,1148,0.58,14,0,0.989,5.57,4.83,14,6,3.1,20,2,1
453,2025-05-09 21:03:49,mobile-app,staging,42,2104,0.661,6,1,1.0,4.44,4.48,41,4,2.9,14,5,0
454,2025-04-17 21:03:49,risk-engine,staging,23,1020,0.78,11,2,0.864,3.58,4.74,53,6,2.8,1,4,0
455,2025-08-02 21:03:49,onboarding,prod,43,1471,0.897,5,1,1.0,6.06,2.74,20,7,2.4,23,4,0
456,2025-01-31 21:03:49,core-banking,dev,24,807,0.874,10,1,0.759,4.71,1.55,27,6,2.8,22,3,1
457,2025-07-22 21:03:49,payments,prod,44,1290,0.758,4,0,0.862,8.1,2.88,42,6,2.7,15,6,0
458,2025-04-11 21:03:49,payments,prod,28,1222,0.725,6,0,0.904,4.92,2.94,36,2,3.1,3,5,0
459,2025-03-26 21:03:49,risk-engine,staging,36,312,0.464,10,1,0.881,6.41,3.92,21,5,3.2,12,0,0
460,2025-04-18 21:03:49,core-banking,qa,42,1025,0.794,11,0,0.951,5.4,0.5,0,7,4.6,5,3,0
461,2024-10-14 21:03:49,payments,prod,12,1248,0.721,6,0,1.0,6.96,2.99,19,8,3.3,2,4,1
462,2025-02-09 21:03:49,core-banking,qa,31,634,0.829,11,0,0.884,5.73,1.79,44,1,2.7,1,2,0
463,2025-08-06 21:03:49,core-banking,prod,32,1272,0.698,12,0,0.818,5.93,3.99,22,2,1.7,2,4,1
464,2025-04-26 21:03:49,payments,staging,21,777,0.617,4,3,1.0,4.53,3.47,24,6,2.1,17,5,0
465,2024-12-01 21:03:49,payments,dev,19,1911,0.934,3,1,0.881,5.17,2.67,19,8,1.6,20,2,1
466,2025-07-14 21:03:49,onboarding,prod,11,1362,0.644,13,1,0.965,6.23,3.19,52,2,2.4,14,6,1
467,2025-02-23 21:03:49,mobile-app,qa,4,1163,0.756,12,2,1.0,7.52,4.38,44,9,5.2,23,3,1
468,2025-08-22 21:03:49,core-banking,prod,21,1872,0.648,11,0,1.0,5.56,3.46,52,4,4.8,13,5,1
469,2025-01-20 21:03:49,mobile-app,qa,39,798,0.691,19,3,0.945,7.06,4.97,16,8,2.6,23,4,1
470,2024-11-17 21:03:49,onboarding,staging,13,1944,0.654,5,0,0.927,5.45,3.03,43,7,2.9,3,0,1
471,2025-08-02 21:03:49,internet-banking,prod,16,1068,0.699,8,1,0.772,2.84,2.67,32,0,2.5,8,3,1
472,2025-05-25 21:03:49,onboarding,staging,39,1792,0.639,12,2,0.997,4.8,3.77,35,8,4.6,14,3,1
473,2025-08-08 21:03:49,payments,qa,41,1547,0.679,9,1,0.945,4.36,4.1,19,4,4.5,10,1,1
474,2025-07-01 21:03:49,core-banking,prod,30,1935,0.747,16,0,1.0,7.04,4.96,45,0,6.1,22,2,1
475,2025-07-12 21:03:49,risk-engine,staging,18,1875,0.695,19,1,0.975,1.67,2.91,39,4,4.3,12,3,0
476,2025-01-23 21:03:49,onboarding,dev,30,1299,0.629,13,1,0.983,5.73,3.88,45,3,2.4,23,2,1
477,2025-01-26 21:03:49,internet-banking,prod,8,1999,0.665,13,0,0.795,5.91,2.83,39,7,1.7,1,0,1
478,2025-06-23 21:03:49,core-banking,prod,29,1706,0.778,14,1,0.979,8.33,3.19,17,3,3.4,15,4,1
479,2025-04-28 21:03:49,internet-banking,staging,26,512,0.755,11,1,0.869,4.4,2.23,28,4,3.4,13,1,1
480,2025-06-05 21:03:49,onboarding,qa,17,1165,0.99,14,1,0.967,4.18,3.91,32,2,5.0,3,6,1
481,2024-11-05 21:03:49,payments,staging,31,2225,0.733,21,1,0.917,6.5,3.14,19,3,3.4,11,1,0
482,2024-12-11 21:03:49,core-banking,staging,31,1600,0.583,20,0,0.894,5.31,2.51,53,8,3.7,19,4,1
483,2024-09-21 21:03:49,payments,qa,28,1235,0.745,13,1,0.85,7.42,2.09,28,2,2.0,1,5,1
484,2024-10-10 21:03:49,mobile-app,prod,19,1387,0.619,16,1,0.959,7.08,3.07,28,1,4.6,10,3,1
485,2025-03-08 21:03:49,core-banking,qa,13,1606,0.678,7,1,0.775,5.26,2.91,24,5,3.1,17,3,1
486,2025-07-07 21:03:49,core-banking,prod,12,1823,0.626,16,1,0.985,3.75,2.32,39,7,5.0,16,3,1
487,2024-11-09 21:03:49,core-banking,prod,15,1752,0.486,6,0,0.795,6.85,3.91,28,1,2.7,15,0,1
488,2025-02-17 21:03:49,risk-engine,staging,41,1068,0.859,6,2,0.995,8.26,2.58,41,5,2.6,14,3,1
489,2025-03-29 21:03:49,payments,dev,29,1839,0.787,4,1,0.819,4.82,5.16,31,1,4.5,14,6,0
490,2025-01-21 21:03:49,core-banking,qa,9,1826,0.68,19,0,0.984,9.55,2.15,32,5,2.3,8,2,0
491,2025-03-26 21:03:49,onboarding,prod,25,1598,0.66,9,0,0.896,5.12,3.32,13,1,2.9,22,2,1
492,2025-04-01 21:03:49,onboarding,staging,20,1490,0.598,11,1,0.878,1.0,1.87,52,6,4.7,16,3,1
493,2025-05-17 21:03:49,mobile-app,qa,36,1538,0.969,10,0,0.887,8.67,4.7,22,2,2.1,13,5,0
494,2025-06-03 21:03:49,risk-engine,prod,30,385,0.849,10,0,0.95,8.74,2.9,9,4,3.4,15,2,0
495,2024-12-16 21:03:49,internet-banking,prod,31,1161,0.679,9,0,0.897,6.16,2.56,40,8,3.9,0,2,1
496,2025-04-28 21:03:49,internet-banking,prod,22,1064,0.614,2,1,0.879,5.86,2.21,35,2,4.4,3,6,1
497,2024-12-02 21:03:49,risk-engine,qa,24,758,0.709,8,0,0.793,6.03,3.57,45,1,3.2,14,6,1
498,2025-01-10 21:03:49,risk-engine,prod,53,1336,0.531,9,1,0.919,7.62,2.09,29,6,1.3,0,3,1
499,2025-02-20 21:03:49,internet-banking,qa,12,1628,0.705,14,2,0.917,3.11,3.49,31,3,4.4,12,4,1
500,2025-08-27 21:03:49,internet-banking,prod,15,188,0.828,12,0,0.994,4.28,2.58,41,0,3.1,22,6,1
501,2025-01-24 21:03:49,core-banking,dev,25,97,0.609,15,0,0.874,6.68,4.47,28,2,3.1,8,2,1
502,2025-09-04 21:03:49,mobile-app,prod,26,1767,0.68,16,1,0.963,6.39,3.38,27,2,4.5,16,6,1
503,2025-04-24 21:03:49,risk-engine,prod,19,2076,0.707,12,3,0.869,6.68,3.47,46,3,3.0,4,6,0
504,2025-02-01 21:03:49,internet-banking,qa,14,2405,0.693,13,1,0.757,7.87,0.83,28,3,3.5,9,1,1
505,2025-01-06 21:03:49,payments,staging,17,2082,0.599,13,1,0.977,5.73,3.79,32,5,1.5,8,4,1
506,2025-01-28 21:03:49,mobile-app,staging,19,2393,0.674,14,1,1.0,5.37,2.35,17,8,3.7,19,5,1
507,2025-08-10 21:03:49,core-banking,dev,23,915,0.68,9,1,0.789,9.19,3.3,32,6,3.7,0,3,1
508,2025-06-27 21:03:49,risk-engine,prod,32,1597,0.698,19,1,0.931,6.83,2.39,25,2,2.7,22,2,0
509,2025-04-16 21:03:49,core-banking,prod,30,59,0.784,9,2,0.899,5.61,2.9,34,8,3.2,22,4,1
510,2024-12-14 21:03:49,core-banking,qa,36,1225,0.792,7,0,1.0,4.09,4.15,36,2,3.2,6,2,0
511,2025-02-27 21:03:49,mobile-app,staging,34,1652,0.572,16,1,0.857,7.49,2.83,21,9,3.2,2,1,1
512,2025-05-07 21:03:49,mobile-app,qa,9,1092,0.853,16,1,1.0,7.5,2.73,33,4,2.3,19,3,1
513,2024-09-18 21:03:49,onboarding,prod,21,2116,0.536,10,1,0.977,5.91,4.8,42,2,3.5,13,1,0
514,2025-02-25 21:03:49,mobile-app,staging,29,2235,0.5,18,0,0.749,1.0,1.47,34,3,3.9,16,0,1
515,2024-10-28 21:03:49,onboarding,prod,27,1026,0.81,8,1,0.857,8.15,2.87,26,6,5.6,1,5,1
516,2025-07-30 21:03:49,core-banking,qa,25,730,0.7,8,1,0.84,5.43,3.53,33,0,2.4,0,4,0
517,2024-09-28 21:03:49,internet-banking,staging,17,1648,0.673,6,1,0.965,7.9,2.39,49,2,3.9,11,6,1
518,2025-05-27 21:03:49,core-banking,qa,25,1253,0.896,6,2,0.828,4.87,4.03,52,1,2.4,9,4,0
519,2024-09-21 21:03:49,onboarding,prod,11,716,0.737,14,2,0.874,9.24,2.78,52,5,2.0,16,2,0
520,2025-08-24 21:03:49,onboarding,qa,40,913,0.828,9,0,0.945,4.8,3.57,10,5,0.5,3,1,1
521,2024-09-30 21:03:49,payments,prod,13,1086,0.739,1,0,0.925,5.43,3.53,37,2,1.1,0,0,0
522,2025-07-09 21:03:49,mobile-app,prod,39,1477,0.775,4,0,0.895,8.46,2.46,32,7,3.1,19,0,1
523,2025-02-02 21:03:49,onboarding,prod,28,1660,0.701,11,2,0.811,10.3,2.78,42,2,2.8,9,6,1
524,2025-06-17 21:03:49,payments,prod,36,781,0.662,7,0,0.83,7.12,3.97,33,0,1.7,23,3,0
525,2025-08-27 21:03:49,payments,dev,28,1782,0.627,7,1,0.85,1.0,3.65,22,5,4.7,14,1,0
526,2024-11-19 21:03:49,mobile-app,staging,14,1495,0.787,11,2,0.865,10.14,5.12,38,5,4.5,0,4,1
527,2024-11-06 21:03:49,onboarding,prod,22,1506,0.481,11,1,0.973,7.99,3.58,39,0,3.8,18,1,1
528,2024-12-09 21:03:49,internet-banking,prod,21,1054,0.737,12,2,0.982,3.8,1.96,22,2,1.8,2,4,1
529,2024-11-21 21:03:49,onboarding,prod,24,2137,0.7,11,0,0.899,7.42,2.59,41,1,4.0,2,3,1
530,2025-07-06 21:03:49,payments,qa,13,614,0.658,5,0,0.95,5.99,2.52,30,2,5.0,3,2,1
531,2024-10-23 21:03:49,payments,prod,45,1184,0.805,17,1,0.841,7.48,3.57,18,0,0.4,11,0,1
532,2025-08-28 21:03:49,internet-banking,prod,14,1213,0.653,12,2,1.0,5.96,4.12,25,0,2.8,8,2,1
533,2025-08-20 21:03:49,mobile-app,qa,42,1177,0.556,16,1,0.987,4.53,2.46,39,5,4.0,1,2,1
534,2024-10-14 21:03:49,core-banking,dev,23,632,0.78,12,0,1.0,3.14,4.64,34,4,2.8,14,3,1
535,2025-05-23 21:03:49,onboarding,staging,23,184,0.566,22,0,1.0,4.13,2.82,42,1,5.0,9,4,0
536,2025-04-04 21:03:49,internet-banking,staging,40,1421,0.893,8,1,0.939,3.86,3.21,35,1,3.6,20,1,0
537,2025-08-05 21:03:49,onboarding,staging,21,1583,0.656,25,1,0.853,4.99,5.04,19,5,3.5,17,4,1
538,2025-02-28 21:03:49,risk-engine,staging,20,1616,0.534,12,1,0.885,2.63,3.4,14,4,1.9,3,6,1
539,2025-07-16 21:03:49,onboarding,qa,40,1036,0.87,4,0,0.861,4.14,3.61,46,6,3.4,19,4,1
540,2024-09-23 21:03:49,internet-banking,dev,27,2005,0.557,11,1,0.922,9.28,2.53,36,6,0.9,0,6,0
541,2024-12-28 21:03:49,risk-engine,qa,36,2101,0.757,16,0,0.944,5.37,3.12,27,7,4.9,12,5,1
542,2025-05-15 21:03:49,mobile-app,staging,15,2266,0.774,13,2,0.934,3.83,3.63,51,8,4.0,9,1,0
543,2025-06-03 21:03:49,mobile-app,qa,24,2348,0.782,24,2,0.821,8.45,1.8,32,3,4.3,3,2,0
544,2024-10-09 21:03:49,risk-engine,qa,65,1914,0.73,5,0,0.883,4.93,2.98,56,7,3.0,13,3,1
545,2025-07-16 21:03:49,core-banking,prod,32,2115,0.477,7,2,0.959,4.97,2.17,43,2,3.8,17,2,1
546,2025-09-04 21:03:49,core-banking,dev,34,1180,0.64,18,0,1.0,8.64,3.86,26,1,3.0,16,4,1
547,2024-12-27 21:03:49,mobile-app,qa,14,1905,0.765,19,0,0.985,6.95,3.98,19,3,3.2,4,0,1
548,2025-05-30 21:03:49,internet-banking,staging,23,1058,0.83,13,1,0.885,2.51,3.04,32,2,4.9,9,3,0
549,2025-07-28 21:03:49,core-banking,staging,24,819,0.584,9,1,0.842,5.35,2.9,40,0,2.4,9,2,1
550,2024-10-31 21:03:49,onboarding,prod,8,1750,0.775,11,2,1.0,3.86,3.66,37,5,5.1,10,0,1
551,2025-05-16 21:03:49,onboarding,prod,26,724,0.617,12,0,0.764,6.99,2.18,50,2,2.0,16,4,1
552,2024-11-05 21:03:49,onboarding,prod,23,1855,0.62,5,2,0.812,3.8,3.84,41,0,2.5,3,2,1
553,2025-03-26 21:03:49,mobile-app,prod,30,686,0.653,12,0,0.892,6.5,3.08,33,3,2.7,4,1,0
554,2025-05-20 21:03:49,payments,dev,15,1739,0.867,12,1,0.918,3.73,4.31,37,1,3.0,7,6,0
555,2025-04-01 21:03:49,onboarding,staging,30,1055,0.739,13,1,0.92,5.91,3.13,35,4,4.7,5,5,1
556,2025-07-01 21:03:49,core-banking,prod,29,3152,0.781,17,0,0.821,5.37,3.71,39,5,3.0,12,6,1
557,2024-12-31 21:03:49,mobile-app,dev,14,1957,0.655,14,2,1.0,5.16,3.18,42,1,3.1,20,5,1
558,2025-08-02 21:03:49,onboarding,staging,19,1839,0.751,5,2,0.787,7.26,2.49,35,0,3.3,14,6,1
559,2025-09-14 21:03:49,onboarding,dev,29,39,0.922,14,0,0.889,2.29,3.67,28,5,3.0,21,1,0
560,2024-09-21 21:03:49,mobile-app,prod,47,2842,0.883,18,0,0.993,5.81,1.45,53,7,3.2,21,3,1
561,2025-06-11 21:03:49,onboarding,prod,8,1672,0.636,4,1,0.873,7.68,1.73,25,0,0.8,4,1,1
562,2025-03-01 21:03:49,risk-engine,qa,22,2024,0.669,13,1,0.854,4.95,3.29,23,5,2.7,6,4,1
563,2025-02-28 21:03:49,onboarding,prod,7,1217,0.723,21,0,0.892,8.91,2.21,32,4,3.4,8,3,1
564,2025-01-09 21:03:49,mobile-app,prod,17,1364,0.604,14,1,0.846,7.0,1.86,44,2,4.5,15,1,1
565,2024-12-15 21:03:49,core-banking,qa,32,1565,0.554,17,1,0.963,7.38,2.23,24,5,2.9,15,4,1
566,2025-07-11 21:03:49,core-banking,staging,27,1275,0.743,17,1,0.942,6.09,3.12,55,7,3.3,0,3,1
567,2024-11-01 21:03:49,payments,prod,33,1949,0.609,16,0,0.821,8.67,4.46,38,6,4.0,9,0,1
568,2025-01-02 21:03:49,payments,prod,35,1194,0.617,14,0,0.926,7.49,2.43,21,5,2.6,7,4,0
569,2024-10-15 21:03:49,core-banking,prod,31,1026,0.603,12,1,0.932,4.98,3.3,53,4,1.4,7,6,1
570,2025-06-10 21:03:49,core-banking,staging,22,1557,0.739,17,1,1.0,5.76,2.65,26,0,3.5,12,1,1
571,2025-02-16 21:03:49,payments,prod,22,2090,0.921,19,0,0.903,6.42,2.25,17,0,3.3,2,5,1
572,2025-05-26 21:03:49,core-banking,staging,13,1277,0.688,8,1,0.748,2.03,3.0,36,5,2.6,2,0,1
573,2024-10-25 21:03:49,payments,qa,21,1468,0.968,11,0,0.952,7.46,3.29,37,4,2.6,17,5,1
574,2025-06-09 21:03:49,risk-engine,qa,33,978,0.694,16,1,0.838,5.03,5.18,36,9,3.4,3,2,1
575,2025-08-13 21:03:49,onboarding,prod,14,1288,0.812,11,0,0.981,8.21,2.55,37,0,2.2,11,5,0
576,2024-10-09 21:03:49,payments,prod,14,1773,0.523,6,1,0.934,2.39,3.03,54,9,1.2,10,2,1
577,2025-07-05 21:03:49,internet-banking,qa,37,1859,0.648,15,1,0.84,4.35,3.08,32,3,3.0,23,1,1
578,2024-11-27 21:03:49,onboarding,prod,29,1995,0.664,11,1,0.812,9.61,1.66,30,1,5.6,5,5,0
579,2024-10-06 21:03:49,risk-engine,dev,21,1420,0.367,12,2,0.983,8.62,2.81,44,0,4.0,13,3,1
580,2025-01-19 21:03:49,core-banking,staging,26,2397,0.645,17,0,0.918,6.43,3.66,38,1,4.2,18,5,0
581,2024-12-23 21:03:49,risk-engine,prod,21,1421,0.776,9,0,0.892,8.94,3.03,20,0,3.4,9,4,1
582,2025-03-18 21:03:49,risk-engine,qa,21,1676,0.739,15,1,0.692,5.52,3.52,30,4,4.0,8,3,1
583,2024-12-25 21:03:49,internet-banking,staging,23,1381,0.435,10,1,0.918,6.31,3.7,51,3,5.7,12,0,1
584,2025-04-08 21:03:49,payments,qa,30,931,0.69,11,1,0.965,7.28,4.17,31,7,1.7,20,2,1
585,2024-12-21 21:03:49,onboarding,staging,18,1213,0.698,14,0,0.857,3.31,2.43,49,4,2.4,14,3,0
586,2025-06-06 21:03:49,internet-banking,prod,25,600,0.949,13,0,0.976,7.4,4.31,27,4,1.9,15,0,1
587,2025-01-03 21:03:49,core-banking,staging,23,1349,0.633,15,1,0.855,7.11,3.43,35,0,1.8,17,2,1
588,2025-06-23 21:03:49,onboarding,staging,24,185,0.538,11,1,0.844,7.73,2.52,35,7,2.8,11,6,1
589,2025-09-01 21:03:49,mobile-app,staging,18,2344,0.747,14,2,0.86,6.0,2.56,46,3,1.6,23,5,1
590,2025-08-11 21:03:49,internet-banking,staging,28,1581,0.714,14,0,0.683,5.35,3.43,54,9,1.7,17,6,1
591,2024-09-28 21:03:49,risk-engine,prod,28,1599,0.858,18,1,0.937,5.3,3.77,44,3,2.8,3,5,1
592,2024-10-17 21:03:49,risk-engine,dev,28,1791,0.668,21,2,0.943,9.52,2.55,33,0,3.0,8,2,0
593,2025-03-02 21:03:49,risk-engine,qa,23,1956,0.606,13,1,0.757,7.37,1.33,33,0,4.8,0,0,1
594,2024-10-17 21:03:49,risk-engine,prod,9,1815,0.521,6,2,0.964,8.59,4.1,33,0,3.6,22,5,0
595,2025-03-13 21:03:49,risk-engine,prod,19,2660,0.578,6,1,0.866,3.64,4.53,40,2,1.9,13,0,1
596,2025-02-19 21:03:49,mobile-app,staging,19,1192,0.865,19,0,0.944,5.76,1.97,38,0,2.7,22,4,1
597,2025-02-02 21:03:49,core-banking,prod,14,2443,0.769,20,0,0.856,9.52,2.42,32,6,1.8,22,5,1
598,2025-03-27 21:03:49,risk-engine,prod,37,1433,0.634,22,1,0.786,7.13,4.62,37,6,1.0,14,4,0
599,2025-06-29 21:03:49,internet-banking,dev,12,1808,0.826,11,1,0.943,5.57,1.91,41,5,4.2,9,4,1
600,2025-07-07 21:03:49,onboarding,qa,20,1323,0.651,16,0,0.821,5.34,4.61,47,0,4.7,3,2,1
601,2025-05-24 21:03:49,onboarding,staging,36,2454,0.633,20,0,0.871,5.17,4.15,50,6,1.7,5,2,1
602,2025-02-19 21:03:49,core-banking,dev,18,2122,0.702,5,0,0.929,5.83,1.45,57,7,2.8,10,2,1
603,2025-04-26 21:03:49,risk-engine,staging,11,1457,0.603,6,1,0.905,6.41,0.99,27,5,3.4,5,1,1
604,2024-12-26 21:03:49,payments,prod,18,154,0.62,6,1,0.683,5.1,4.43,35,6,1.4,0,6,1
605,2025-05-29 21:03:49,core-banking,dev,13,1560,0.605,17,3,0.939,4.73,0.5,14,8,2.1,23,5,0
606,2024-09-20 21:03:49,mobile-app,prod,20,1542,0.657,9,1,0.915,10.26,3.44,48,0,3.8,0,2,1
607,2025-04-07 21:03:49,core-banking,prod,25,2944,0.863,17,0,1.0,3.13,4.37,23,2,3.8,4,1,1
608,2024-11-28 21:03:49,internet-banking,prod,23,2012,0.99,14,1,0.796,5.35,2.06,40,5,2.7,6,0,1
609,2025-08-19 21:03:49,internet-banking,staging,33,2266,0.763,17,0,0.973,7.81,4.51,14,1,4.1,4,0,0
610,2024-10-10 21:03:49,onboarding,dev,20,855,0.668,9,1,0.841,5.46,2.72,57,2,3.6,7,5,1
611,2024-10-23 21:03:49,payments,qa,12,1610,0.828,3,2,0.791,5.47,4.08,29,3,4.8,5,6,0
612,2025-07-07 21:03:49,risk-engine,staging,29,1809,0.583,12,0,0.944,7.66,3.48,31,6,2.2,1,4,1
613,2025-09-07 21:03:49,risk-engine,staging,16,1738,0.523,8,1,0.818,6.82,2.44,34,5,4.2,0,4,1
614,2025-01-03 21:03:49,internet-banking,dev,14,1393,0.681,11,0,0.752,7.04,3.96,13,5,4.4,17,1,1
615,2024-09-24 21:03:49,onboarding,staging,27,1557,0.702,6,1,0.938,6.4,3.11,55,2,4.6,20,1,0
616,2024-09-23 21:03:49,payments,dev,41,1781,0.632,10,1,0.974,3.88,2.86,37,2,5.8,8,4,0
617,2024-12-15 21:03:49,onboarding,prod,35,499,0.675,17,2,0.838,4.22,3.57,27,3,4.2,7,4,1
618,2025-06-02 21:03:49,core-banking,dev,6,1321,0.581,20,0,0.815,6.51,2.04,31,9,2.7,8,3,1
619,2024-12-27 21:03:49,onboarding,qa,20,1472,0.654,16,1,0.787,10.19,1.58,50,4,2.6,12,5,1
620,2025-04-04 21:03:49,payments,qa,22,1037,0.598,7,1,0.866,6.86,3.12,58,0,3.7,14,5,1
621,2024-10-19 21:03:49,onboarding,qa,26,1053,0.781,2,2,0.898,5.03,2.77,33,7,6.8,19,4,1
622,2025-04-19 21:03:49,payments,staging,15,743,0.714,16,0,0.842,7.15,3.04,51,0,5.8,22,6,1
623,2025-04-22 21:03:49,mobile-app,dev,24,1455,0.7,7,2,0.875,8.21,2.82,23,0,3.0,14,0,0
624,2025-02-13 21:03:49,payments,staging,39,1595,0.716,6,1,0.9,4.63,3.2,14,0,2.0,3,1,0
625,2025-03-04 21:03:49,payments,staging,30,1431,0.626,13,0,0.85,6.08,2.87,33,2,1.8,0,0,0
626,2024-10-24 21:03:49,payments,prod,32,1611,0.667,9,2,0.708,7.59,1.13,18,2,5.6,6,3,1
627,2024-09-24 21:03:49,onboarding,staging,26,1170,0.638,12,0,0.97,2.13,3.08,24,2,3.5,6,4,1
628,2025-03-10 21:03:49,mobile-app,prod,20,1407,0.643,12,1,0.851,9.18,3.42,30,4,2.1,9,2,1
629,2025-06-13 21:03:49,core-banking,qa,19,1286,0.663,26,0,0.735,2.8,3.76,51,1,4.6,4,3,1
630,2025-09-14 21:03:49,core-banking,prod,33,1738,0.652,11,1,0.92,7.74,3.54,38,4,4.2,23,2,1
631,2025-04-10 21:03:49,internet-banking,staging,24,1315,0.988,4,2,0.831,6.26,5.57,23,1,3.2,22,5,1
632,2025-06-12 21:03:49,mobile-app,qa,11,415,0.697,4,0,0.778,3.92,3.41,27,0,5.4,7,4,1
633,2025-09-14 21:03:49,onboarding,qa,35,1926,0.766,7,0,0.882,7.5,1.83,59,1,3.2,1,3,0
634,2025-08-05 21:03:49,mobile-app,prod,20,912,0.79,8,2,0.869,7.99,3.21,33,0,1.9,6,6,0
635,2025-01-30 21:03:49,internet-banking,staging,16,1161,0.637,7,1,0.877,10.16,4.25,50,6,2.7,6,0,0
636,2025-08-11 21:03:49,payments,staging,27,1576,0.894,4,0,0.885,3.19,2.25,15,5,2.1,20,3,1
637,2024-10-09 21:03:49,core-banking,prod,11,1266,0.977,15,0,0.851,5.91,3.13,29,5,2.2,12,2,0
638,2025-02-20 21:03:49,mobile-app,prod,24,403,0.731,3,2,0.88,9.7,4.07,22,0,2.4,1,1,1
639,2025-01-21 21:03:49,onboarding,staging,22,1392,0.717,17,0,0.815,9.25,2.71,29,0,3.9,11,2,1
640,2025-09-11 21:03:49,onboarding,staging,21,1777,0.784,10,1,0.894,4.99,3.2,18,4,1.5,23,5,1
641,2025-07-25 21:03:49,core-banking,staging,41,1429,0.784,23,0,0.839,4.74,3.0,27,2,4.3,13,5,0
642,2025-01-26 21:03:49,onboarding,staging,30,2185,0.99,9,1,0.947,4.64,2.86,30,0,3.3,10,1,1
643,2025-02-03 21:03:49,payments,dev,22,245,0.599,15,0,0.974,2.07,2.76,29,6,3.9,12,4,0
644,2024-10-05 21:03:49,mobile-app,qa,14,851,0.795,4,1,0.908,8.14,2.94,35,5,2.5,4,0,1
645,2025-04-20 21:03:49,risk-engine,prod,24,2456,0.676,9,1,0.897,7.31,3.84,36,6,4.0,22,4,0
646,2025-02-13 21:03:49,core-banking,staging,11,1898,0.798,19,1,1.0,7.24,3.23,18,4,2.6,9,2,1
647,2025-06-16 21:03:49,payments,dev,34,133,0.739,18,0,0.959,9.37,3.17,35,5,3.2,10,6,1
648,2025-08-23 21:03:49,risk-engine,qa,25,1283,0.663,14,1,0.81,3.42,3.95,18,5,5.0,16,0,1
649,2025-02-19 21:03:49,risk-engine,prod,32,2851,0.487,9,0,0.873,8.48,2.96,36,3,2.6,12,4,1
650,2025-02-13 21:03:49,mobile-app,qa,31,2159,0.607,3,1,1.0,8.53,2.45,40,6,1.7,13,4,0
651,2024-12-07 21:03:49,payments,prod,36,1046,0.549,13,0,0.876,8.37,3.58,47,5,5.9,17,4,1
652,2024-12-01 21:03:49,mobile-app,prod,24,2531,0.667,19,0,0.897,7.08,3.26,39,3,2.4,19,1,1
653,2025-01-04 21:03:49,onboarding,staging,22,1888,0.804,3,1,0.937,6.1,4.34,25,0,4.1,4,5,1
654,2024-10-09 21:03:49,risk-engine,prod,12,2901,0.636,12,2,0.903,5.73,1.51,68,2,2.7,16,0,0
655,2025-04-15 21:03:49,risk-engine,prod,27,371,0.81,3,0,0.9,6.89,2.74,53,6,3.9,14,5,0
656,2025-05-07 21:03:49,risk-engine,prod,45,1807,0.823,0,0,0.988,7.85,1.78,31,0,3.7,5,4,1
657,2025-03-05 21:03:49,core-banking,qa,30,1369,0.744,6,0,0.769,2.34,2.88,32,4,2.5,23,4,0
658,2025-03-10 21:03:49,payments,staging,35,1845,0.764,15,3,0.757,5.85,2.8,41,4,3.8,7,5,1
659,2025-08-10 21:03:49,core-banking,staging,6,1708,0.573,10,1,0.918,2.71,2.33,16,0,3.3,23,6,1
660,2025-03-13 21:03:49,core-banking,prod,22,856,0.676,5,0,0.907,5.76,6.06,18,3,1.6,10,0,1
661,2025-05-07 21:03:49,internet-banking,qa,23,1241,0.58,8,1,0.906,7.12,2.77,31,0,3.8,0,5,0
662,2025-01-30 21:03:49,onboarding,qa,14,1489,0.755,10,1,0.945,7.0,2.65,15,5,2.4,12,4,0
663,2025-01-03 21:03:49,onboarding,prod,30,1882,0.732,2,2,0.933,3.59,2.21,37,6,2.7,11,6,1
664,2025-01-18 21:03:49,risk-engine,dev,16,2404,0.926,13,1,0.882,6.95,1.44,28,8,2.0,1,0,1
665,2024-12-08 21:03:49,payments,prod,25,1864,0.916,11,2,1.0,4.9,1.68,38,7,3.6,16,2,1
666,2025-08-08 21:03:49,core-banking,dev,37,759,0.696,10,2,0.92,6.89,3.43,23,0,3.5,3,2,1
667,2024-10-18 21:03:49,risk-engine,prod,15,1841,0.807,15,0,1.0,6.0,3.13,16,5,2.9,21,6,1
668,2025-02-08 21:03:49,onboarding,qa,32,1380,0.574,14,1,0.794,3.96,3.28,33,0,2.8,6,0,1
669,2025-06-14 21:03:49,core-banking,prod,32,2113,0.443,20,2,1.0,4.44,1.24,35,3,3.9,23,4,1
670,2025-06-26 21:03:49,onboarding,dev,22,1296,0.824,18,1,0.887,1.72,2.85,25,3,2.5,0,3,0
671,2024-12-25 21:03:49,onboarding,dev,15,1500,0.815,16,1,0.924,7.45,4.37,40,0,2.6,10,0,1
672,2025-03-03 21:03:49,onboarding,qa,25,2174,0.702,12,0,0.819,7.8,1.53,31,6,3.3,18,2,1
673,2025-04-08 21:03:49,mobile-app,staging,33,1384,0.76,15,1,0.843,6.38,3.9,21,3,2.9,10,2,0
674,2025-04-12 21:03:49,internet-banking,staging,19,1324,0.561,8,1,0.926,7.2,3.55,60,1,1.4,7,2,1
675,2025-01-04 21:03:49,core-banking,prod,37,2423,0.77,22,1,0.769,8.11,1.16,25,5,3.1,6,3,1
676,2024-11-21 21:03:49,payments,prod,25,1001,0.595,7,1,0.927,4.4,0.79,40,1,4.0,10,4,1
677,2025-02-17 21:03:49,core-banking,staging,32,1581,0.756,3,1,0.699,9.46,4.53,39,4,1.5,21,5,1
678,2025-07-30 21:03:49,payments,qa,7,2328,0.713,3,0,0.798,5.74,3.21,28,6,3.3,15,6,1
679,2025-05-16 21:03:49,internet-banking,prod,15,884,0.699,3,0,0.748,6.32,1.65,30,5,5.7,10,1,1
680,2024-12-18 21:03:49,onboarding,prod,17,1994,0.671,23,1,0.819,5.27,2.2,44,0,1.7,8,3,1
681,2024-10-06 21:03:49,internet-banking,staging,30,1450,0.799,6,1,0.935,3.99,2.93,36,4,4.2,19,0,0
682,2025-02-15 21:03:49,mobile-app,dev,19,1382,0.982,12,0,0.844,8.04,3.76,44,4,4.3,10,2,0
683,2025-05-29 21:03:49,mobile-app,staging,15,1069,0.715,3,0,0.823,5.06,2.79,35,2,3.1,7,2,0
684,2025-09-13 21:03:49,risk-engine,staging,3,1376,0.673,14,0,0.86,5.8,4.07,38,0,2.7,21,4,1
685,2025-07-12 21:03:49,onboarding,staging,21,3117,0.679,14,2,0.942,7.74,2.41,34,1,1.9,16,0,0
686,2025-08-16 21:03:49,core-banking,staging,16,1352,0.884,11,1,0.802,2.73,2.83,39,4,2.7,22,6,1
687,2024-11-04 21:03:49,core-banking,staging,44,1504,0.626,11,0,0.935,6.05,1.74,15,4,4.7,21,0,1
688,2025-02-25 21:03:49,risk-engine,staging,16,1617,0.841,14,1,0.863,5.6,2.88,34,7,0.6,23,1,1
689,2024-12-28 21:03:49,internet-banking,prod,17,1285,0.905,17,1,0.93,5.67,5.0,44,1,1.7,12,5,1
690,2025-08-14 21:03:49,core-banking,prod,22,1818,0.764,8,0,0.86,5.13,2.47,48,3,4.7,6,6,1
691,2024-11-15 21:03:49,core-banking,qa,35,1294,0.633,9,1,1.0,6.32,4.28,40,3,2.8,23,2,1
692,2024-12-03 21:03:49,mobile-app,staging,26,1850,0.682,6,0,0.881,7.32,4.26,18,2,2.8,16,6,1
693,2024-12-02 21:03:49,internet-banking,staging,29,1403,0.655,10,0,0.82,4.32,4.25,35,6,3.6,6,3,1
694,2025-06-05 21:03:49,mobile-app,dev,35,788,0.85,10,1,0.886,7.66,3.54,31,6,3.4,5,5,1
695,2025-02-10 21:03:49,onboarding,prod,11,2008,0.672,19,2,0.886,4.6,2.02,29,9,3.4,1,3,1
696,2025-01-03 21:03:49,risk-engine,prod,18,1365,0.493,11,2,0.867,8.06,4.62,12,1,2.3,14,1,1
697,2024-11-21 21:03:49,internet-banking,staging,23,2455,0.718,14,1,0.79,4.78,5.19,42,4,2.1,4,4,1
698,2025-06-07 21:03:49,core-banking,qa,44,2638,0.675,8,3,0.906,6.32,3.79,45,3,3.8,17,4,0
699,2025-07-31 21:03:49,mobile-app,qa,28,1541,0.799,4,1,0.878,3.11,2.59,30,7,3.4,20,1,1
700,2024-11-03 21:03:49,mobile-app,qa,32,2216,0.707,3,3,0.874,1.32,4.8,42,2,2.0,19,1,0
701,2025-08-01 21:03:49,payments,prod,26,1872,0.839,17,1,0.982,4.66,1.18,26,1,2.5,13,3,0
702,2025-05-26 21:03:49,internet-banking,staging,7,727,0.641,15,1,0.842,7.43,3.96,34,1,3.5,6,0,1
703,2025-06-06 21:03:49,payments,staging,27,2121,0.854,14,1,0.983,6.93,5.6,38,6,3.5,15,5,1
704,2025-02-03 21:03:49,onboarding,dev,36,1685,0.674,10,3,1.0,4.92,3.97,38,4,3.1,7,4,0
705,2025-03-29 21:03:49,payments,staging,36,2330,0.679,14,0,0.807,5.63,3.59,29,3,3.0,7,5,1
706,2025-02-03 21:03:49,core-banking,prod,18,1333,0.787,15,1,0.987,8.54,3.82,28,5,3.7,9,1,0
707,2024-10-01 21:03:49,onboarding,prod,27,790,0.825,12,1,0.93,3.87,3.46,43,2,1.6,2,3,0
708,2024-11-29 21:03:49,risk-engine,prod,42,225,0.733,19,1,0.887,5.19,2.32,37,0,3.1,3,1,1
709,2025-06-28 21:03:49,payments,qa,32,875,0.591,7,0,0.794,7.09,3.28,44,3,2.2,15,6,1
710,2025-02-20 21:03:49,onboarding,staging,19,2105,0.648,16,1,0.855,5.66,4.74,20,6,4.4,17,1,1
711,2025-04-28 21:03:49,mobile-app,qa,20,2265,0.772,11,0,0.946,7.54,2.44,53,7,3.9,22,5,1
712,2025-02-15 21:03:49,onboarding,prod,7,1796,0.849,14,1,0.836,6.6,2.85,40,5,4.4,12,6,1
713,2024-12-12 21:03:49,onboarding,prod,33,2083,0.86,14,1,0.88,2.53,4.34,31,5,3.9,18,6,1
714,2025-08-09 21:03:49,core-banking,qa,19,1424,0.829,16,0,1.0,7.93,2.85,20,7,3.7,1,3,0
715,2024-11-05 21:03:49,risk-engine,qa,17,894,0.897,16,1,0.92,8.51,2.15,36,4,4.7,12,2,1
716,2025-01-27 21:03:49,risk-engine,prod,1,1998,0.683,10,1,1.0,7.07,4.93,41,4,3.5,19,2,1
717,2025-06-29 21:03:49,mobile-app,qa,25,1026,0.675,21,0,0.845,5.06,1.72,43,3,1.0,15,5,0
718,2024-10-22 21:03:49,onboarding,prod,21,2691,0.721,15,1,0.955,3.09,2.54,20,2,4.6,11,3,1
719,2024-09-28 21:03:49,risk-engine,prod,34,1818,0.732,15,2,0.849,4.08,1.98,46,7,2.6,7,4,1
720,2025-05-27 21:03:49,core-banking,qa,26,1185,0.821,13,1,0.913,7.05,3.46,23,5,4.1,10,3,1
721,2024-10-10 21:03:49,risk-engine,qa,20,1613,0.708,6,0,0.732,1.0,2.87,62,9,2.1,9,5,0
722,2025-04-09 21:03:49,risk-engine,qa,22,1390,0.745,15,0,0.903,3.81,1.66,17,5,2.8,0,6,1
723,2025-04-12 21:03:49,internet-banking,prod,19,1908,0.829,7,1,0.944,6.23,3.36,19,5,2.7,13,1,0
724,2025-03-24 21:03:49,core-banking,staging,31,1913,0.87,11,0,0.975,5.02,1.66,40,3,1.9,9,5,0
725,2025-01-01 21:03:49,payments,staging,0,1259,0.904,10,2,0.961,2.57,3.07,35,9,1.8,9,2,0
726,2024-11-11 21:03:49,payments,staging,25,1166,0.668,9,1,0.799,5.48,2.64,25,4,3.5,14,2,0
727,2025-02-09 21:03:49,core-banking,prod,14,951,0.614,17,0,0.919,9.99,2.99,43,5,2.6,2,2,0
728,2024-11-17 21:03:49,mobile-app,staging,20,846,0.628,9,0,0.881,4.98,3.79,40,1,2.7,17,6,1
729,2025-08-05 21:03:49,mobile-app,prod,13,610,0.751,13,1,0.983,10.79,2.93,31,0,4.0,3,3,1
730,2025-08-28 21:03:49,risk-engine,prod,28,1623,0.734,8,1,1.0,3.78,3.72,0,6,1.1,22,1,1
731,2025-04-06 21:03:49,payments,qa,6,1284,0.669,19,2,0.806,5.06,4.56,43,1,2.9,10,4,1
732,2025-06-05 21:03:49,core-banking,qa,38,1271,0.71,12,0,0.901,8.19,2.4,31,4,2.3,18,1,0
733,2025-01-03 21:03:49,payments,staging,32,1005,0.83,12,2,0.739,5.25,3.37,55,5,4.4,8,3,1
734,2025-07-15 21:03:49,mobile-app,staging,34,1939,0.747,10,1,1.0,7.26,3.34,30,4,3.4,14,0,1
735,2025-01-06 21:03:49,onboarding,qa,25,451,0.688,9,0,1.0,2.11,5.27,32,5,1.6,0,3,0
736,2025-06-18 21:03:49,mobile-app,staging,25,2007,0.696,17,0,0.849,9.19,3.05,35,4,3.3,8,4,1
737,2025-06-22 21:03:49,risk-engine,staging,40,2011,0.696,6,1,1.0,4.62,0.64,47,8,5.0,21,3,1
738,2025-06-08 21:03:49,mobile-app,prod,25,1872,0.706,11,1,0.82,9.68,4.87,34,4,2.1,7,1,1
739,2025-05-22 21:03:49,risk-engine,staging,30,1816,0.884,22,0,0.954,6.17,2.37,38,6,3.4,15,4,1
740,2025-02-07 21:03:49,payments,staging,28,1750,0.818,7,0,1.0,5.67,3.03,32,7,4.5,11,3,1
741,2025-05-26 21:03:49,internet-banking,prod,33,1226,0.862,9,0,1.0,4.16,3.58,44,11,2.4,16,6,0
742,2024-12-30 21:03:49,onboarding,staging,25,864,0.751,16,1,0.857,5.7,3.0,37,7,3.5,22,3,1
743,2025-08-01 21:03:49,core-banking,prod,37,2564,0.733,15,0,0.934,3.85,2.94,71,4,2.2,11,0,1
744,2025-08-12 21:03:49,internet-banking,qa,35,1707,0.681,10,0,0.925,1.0,5.42,37,5,4.4,1,2,1
745,2024-12-23 21:03:49,mobile-app,staging,27,2358,0.655,8,2,0.863,5.18,2.63,34,0,2.6,11,6,1
746,2025-06-28 21:03:49,core-banking,staging,40,2048,0.705,8,1,0.947,7.64,3.62,33,6,4.6,19,0,0
747,2025-07-19 21:03:49,core-banking,qa,18,1654,0.772,4,0,0.919,4.2,3.43,31,1,3.3,16,4,1
748,2025-02-26 21:03:49,payments,staging,17,505,0.566,9,2,0.872,9.33,1.62,31,10,3.6,18,1,1
749,2025-08-23 21:03:49,onboarding,staging,19,1045,0.582,12,0,0.863,4.18,4.07,28,5,1.4,18,5,0
750,2025-09-10 21:03:49,mobile-app,prod,34,1422,0.99,7,1,0.777,5.51,1.65,38,4,2.9,3,5,1
751,2025-05-16 21:03:49,onboarding,qa,10,1050,0.725,15,0,0.883,5.37,2.13,38,3,2.9,10,4,1
752,2025-01-17 21:03:49,internet-banking,qa,29,315,0.66,6,0,0.865,4.88,2.95,27,2,3.3,16,6,0
753,2025-08-02 21:03:49,risk-engine,prod,14,807,0.726,13,0,0.961,7.53,3.97,38,5,5.6,18,5,1
754,2025-03-05 21:03:49,onboarding,qa,42,945,0.647,10,2,0.797,2.07,5.17,38,5,3.0,9,4,1
755,2025-09-07 21:03:49,core-banking,prod,2,1318,0.684,10,1,0.82,2.36,3.14,31,0,3.3,14,2,1
756,2025-01-04 21:03:49,internet-banking,dev,31,760,0.726,7,3,0.992,7.06,4.13,38,5,1.2,12,6,0
757,2025-07-18 21:03:49,core-banking,prod,27,1635,0.836,11,0,0.764,2.77,0.72,44,6,4.2,15,0,1
758,2025-06-02 21:03:49,internet-banking,staging,41,1976,0.753,18,0,0.869,5.74,2.02,32,0,4.3,16,1,0
759,2024-12-24 21:03:49,mobile-app,prod,9,781,0.658,18,0,0.88,4.41,1.62,48,6,4.7,4,6,1
760,2024-11-25 21:03:49,internet-banking,prod,21,1164,0.61,16,1,0.94,4.73,3.18,18,3,0.4,14,5,1
761,2025-09-09 21:03:49,core-banking,prod,12,1630,0.897,13,1,0.873,4.98,3.08,27,6,1.4,23,0,1
762,2025-09-07 21:03:49,internet-banking,qa,15,2219,0.699,13,0,0.898,3.26,3.1,39,4,2.2,21,2,1
763,2025-08-04 21:03:49,payments,prod,44,929,0.828,6,1,0.957,4.98,1.78,11,2,3.8,0,3,1
764,2025-06-24 21:03:49,core-banking,qa,13,1453,0.67,6,2,0.825,3.37,4.08,30,0,2.5,8,4,1
765,2025-01-17 21:03:49,risk-engine,prod,30,2121,0.765,5,1,0.994,4.39,3.98,29,4,1.7,0,2,1
766,2025-07-27 21:03:49,risk-engine,qa,29,1205,0.627,12,1,0.986,5.77,2.67,40,3,1.4,3,6,1
767,2025-07-14 21:03:49,risk-engine,prod,28,1164,0.633,6,2,0.743,4.32,3.12,53,5,2.3,4,1,1
768,2024-11-23 21:03:49,payments,staging,16,1918,0.669,15,1,0.927,5.18,4.15,34,7,3.8,14,0,1
769,2025-06-26 21:03:49,onboarding,staging,2,910,0.858,5,1,0.957,4.55,1.0,28,10,2.3,13,4,1
770,2025-02-14 21:03:49,core-banking,staging,18,2348,0.778,7,0,0.993,6.03,1.45,13,0,1.8,4,4,1
771,2025-01-14 21:03:49,risk-engine,staging,41,1339,0.703,14,0,0.932,6.56,3.12,68,6,2.0,10,4,1
772,2025-01-28 21:03:49,internet-banking,dev,13,1706,0.82,14,1,0.93,6.34,2.5,44,7,3.1,14,1,1
773,2024-11-27 21:03:49,onboarding,prod,29,1441,0.638,13,0,1.0,7.58,2.4,43,4,4.6,10,4,1
774,2024-09-21 21:03:49,onboarding,qa,16,1845,0.762,18,1,0.867,7.58,2.21,48,7,4.6,11,2,1
775,2025-08-03 21:03:49,risk-engine,prod,19,2299,0.778,7,1,0.908,3.81,2.17,52,9,4.3,0,3,1
776,2024-12-21 21:03:49,onboarding,qa,30,1941,0.646,15,0,0.883,5.37,3.48,27,0,4.5,15,0,1
777,2025-08-25 21:03:49,payments,staging,37,2011,0.696,6,1,0.946,6.38,3.11,37,6,3.2,9,3,1
778,2025-07-13 21:03:49,mobile-app,staging,27,1839,0.679,12,0,0.827,6.88,1.35,56,6,3.9,19,3,0
779,2025-09-08 21:03:49,internet-banking,dev,32,2124,0.839,17,0,0.832,7.99,1.9,20,0,4.3,14,3,1
780,2025-08-06 21:03:49,mobile-app,prod,18,1127,0.579,9,1,0.946,7.32,1.71,31,9,2.1,2,0,1
781,2024-10-31 21:03:49,core-banking,staging,20,1540,0.728,11,2,0.999,8.13,1.96,31,3,1.9,21,5,1
782,2024-09-15 21:03:49,onboarding,prod,26,2197,0.804,11,3,0.957,6.29,3.42,58,1,0.2,22,5,1
783,2025-08-04 21:03:49,payments,prod,10,1287,0.595,14,1,0.85,4.48,3.26,35,4,3.4,20,6,1
784,2025-06-18 21:03:49,mobile-app,staging,17,1263,0.927,5,0,0.908,5.39,4.07,31,3,4.1,8,0,0
785,2024-12-18 21:03:49,internet-banking,prod,23,1470,0.725,12,0,0.975,6.41,2.96,19,4,1.1,21,2,1
786,2024-11-26 21:03:49,payments,qa,30,2369,0.785,17,0,0.841,4.41,3.67,34,4,2.9,14,3,1
787,2025-02-19 21:03:49,payments,dev,30,552,0.637,8,1,0.871,5.83,1.54,62,4,3.7,22,2,0
788,2025-01-30 21:03:49,onboarding,dev,27,773,0.679,8,0,0.903,1.0,2.68,33,0,4.9,18,6,1
789,2025-03-16 21:03:49,risk-engine,prod,38,2983,0.795,17,0,0.92,9.14,3.79,36,5,1.2,5,3,1
790,2025-09-05 21:03:49,onboarding,prod,13,1495,0.734,12,0,0.972,5.82,3.44,20,3,4.4,13,6,1
791,2025-05-04 21:03:49,core-banking,staging,18,660,0.706,15,1,0.893,5.56,4.06,27,2,2.3,18,6,1
792,2025-03-11 21:03:49,onboarding,qa,37,2299,0.555,15,0,0.863,6.66,1.27,52,5,2.2,12,2,1
793,2024-09-21 21:03:49,onboarding,staging,11,1966,0.848,11,0,0.935,5.96,1.92,27,3,3.5,16,1,1
794,2025-05-31 21:03:49,onboarding,staging,25,3031,0.681,13,1,0.916,5.86,2.01,53,0,3.7,21,2,1
795,2024-11-23 21:03:49,onboarding,staging,22,770,0.845,9,0,0.967,6.95,0.8,43,3,2.8,7,5,1
796,2025-04-17 21:03:49,risk-engine,qa,22,1593,0.827,7,1,0.976,5.14,1.89,17,4,2.4,2,5,0
797,2024-11-18 21:03:49,onboarding,prod,18,1505,0.819,12,0,0.916,2.61,3.39,36,6,3.9,21,1,1
798,2025-04-02 21:03:49,core-banking,qa,21,1777,0.682,20,0,0.97,9.08,1.46,17,3,3.2,19,5,1
799,2025-03-12 21:03:49,core-banking,prod,37,2151,0.743,7,1,1.0,5.3,2.55,48,7,2.3,18,2,1
800,2024-12-07 21:03:49,payments,dev,16,2153,0.73,23,0,0.892,7.15,2.66,13,3,2.9,17,2,1
801,2024-12-27 21:03:49,core-banking,qa,27,1558,0.679,11,2,0.901,6.12,2.1,38,4,3.0,11,2,1
802,2025-06-02 21:03:49,mobile-app,prod,20,917,0.789,8,0,0.857,4.03,1.25,29,6,3.4,1,5,1
803,2025-03-18 21:03:49,payments,qa,24,1537,0.719,19,1,0.848,7.18,2.18,41,5,3.0,22,6,1
804,2025-02-25 21:03:49,mobile-app,prod,53,1593,0.66,5,1,0.872,4.42,3.34,42,5,3.2,22,0,1
805,2025-02-14 21:03:49,internet-banking,qa,35,1533,0.638,11,0,0.757,2.44,3.92,53,0,3.3,7,0,1
806,2025-06-08 21:03:49,internet-banking,prod,13,1319,0.705,6,1,0.867,5.16,3.28,33,6,2.2,13,1,1
807,2024-11-06 21:03:49,payments,qa,11,1609,0.644,4,1,0.849,8.3,3.03,38,3,0.3,10,1,1
808,2025-04-30 21:03:49,risk-engine,prod,24,826,0.743,11,0,0.985,6.92,3.86,30,12,1.9,19,2,0
809,2025-06-20 21:03:49,onboarding,staging,31,249,0.879,10,0,0.737,6.51,2.44,41,4,3.6,15,1,0
810,2025-01-21 21:03:49,mobile-app,qa,34,1590,0.592,12,1,1.0,1.0,3.06,46,3,2.7,15,6,1
811,2025-06-07 21:03:49,internet-banking,qa,24,938,0.832,4,1,0.854,10.29,2.31,9,2,3.7,18,4,0
812,2024-12-07 21:03:49,internet-banking,prod,16,2474,0.683,8,2,0.8,5.07,2.77,43,2,1.8,7,5,1
813,2024-10-07 21:03:49,mobile-app,prod,20,1733,0.859,8,0,0.977,4.45,2.98,34,0,3.4,4,0,1
814,2024-11-23 21:03:49,risk-engine,staging,38,2746,0.848,6,1,0.861,6.57,2.23,14,2,4.0,14,4,1
815,2024-10-19 21:03:49,mobile-app,dev,30,1335,0.728,20,2,0.903,6.21,2.78,29,4,2.6,23,1,1
816,2025-08-08 21:03:49,onboarding,staging,22,294,0.779,12,2,0.962,3.2,4.05,34,0,3.4,21,2,0
817,2025-01-11 21:03:49,onboarding,prod,20,385,0.847,10,1,0.81,7.54,1.7,36,2,2.6,17,3,0
818,2024-11-11 21:03:49,payments,qa,30,1028,0.711,16,0,0.899,4.1,1.95,38,2,1.9,18,1,0
819,2025-03-30 21:03:49,payments,prod,30,1329,0.87,15,1,0.818,6.98,1.72,50,5,2.3,17,4,1
820,2025-07-20 21:03:49,payments,qa,20,1551,0.569,11,0,1.0,2.41,2.72,50,3,3.0,13,1,0
821,2025-02-13 21:03:49,core-banking,prod,15,1570,0.641,9,1,0.896,4.94,1.94,36,7,3.3,11,3,1
822,2025-09-02 21:03:49,onboarding,prod,20,939,0.645,9,1,0.987,4.14,2.48,29,6,3.4,17,1,1
823,2025-04-11 21:03:49,onboarding,staging,24,986,0.697,18,0,0.976,4.75,2.23,42,1,4.1,7,3,0
824,2025-02-24 21:03:49,internet-banking,staging,28,2632,0.683,14,0,0.902,5.67,2.14,39,3,2.2,11,1,1
825,2025-03-15 21:03:49,risk-engine,qa,6,2263,0.632,13,0,0.826,8.63,4.86,32,5,3.3,17,4,1
826,2025-05-31 21:03:49,risk-engine,staging,1,1283,0.905,8,0,0.996,5.97,3.12,14,1,4.2,19,5,0
827,2025-08-10 21:03:49,internet-banking,qa,20,2463,0.733,20,2,0.915,5.21,3.14,49,5,4.5,0,1,1
828,2025-04-12 21:03:49,onboarding,qa,23,924,0.84,10,0,0.901,7.3,3.56,25,5,5.3,12,6,0
829,2025-06-26 21:03:49,mobile-app,staging,26,1828,0.796,5,1,0.885,5.22,4.3,26,0,4.1,5,0,1
830,2025-05-25 21:03:49,core-banking,qa,29,1234,0.582,6,1,0.798,6.61,2.54,37,4,3.6,23,2,1
831,2025-05-10 21:03:49,mobile-app,prod,0,1887,0.735,14,0,0.875,3.82,3.74,18,1,3.8,2,1,1
832,2024-12-05 21:03:49,core-banking,qa,32,2009,0.697,10,2,0.913,4.94,2.57,42,7,3.6,12,4,0
833,2025-08-04 21:03:49,payments,qa,17,1335,0.543,7,1,0.865,5.21,3.09,49,6,1.4,16,3,0
834,2024-12-07 21:03:49,mobile-app,qa,24,1622,0.651,11,1,0.844,3.94,2.94,21,0,2.8,5,1,1
835,2025-03-09 21:03:49,payments,prod,29,1556,0.654,12,1,0.815,6.66,4.2,32,1,3.0,2,0,1
836,2025-02-10 21:03:49,internet-banking,qa,30,1093,0.744,9,0,1.0,3.18,3.49,55,6,1.7,17,5,0
837,2025-08-01 21:03:49,payments,qa,12,976,0.639,11,2,0.825,4.05,1.87,42,3,2.2,11,6,0
838,2024-10-30 21:03:49,payments,staging,30,1444,0.654,5,1,0.954,5.07,4.21,35,6,3.5,9,0,1
839,2024-11-04 21:03:49,payments,staging,33,1195,0.764,6,0,0.925,3.6,2.78,46,0,2.0,23,4,1
840,2025-03-12 21:03:49,mobile-app,staging,27,1146,0.736,9,0,0.767,5.95,3.9,35,7,3.8,6,6,1
841,2025-03-27 21:03:49,core-banking,qa,22,1587,0.892,14,2,0.785,5.59,3.81,32,5,3.0,12,2,0
842,2025-06-23 21:03:49,internet-banking,staging,32,1336,0.708,10,1,0.937,8.12,4.41,38,9,3.3,17,3,1
843,2024-12-28 21:03:49,core-banking,staging,30,1480,0.761,16,1,0.664,9.36,2.7,25,0,2.8,12,2,0
844,2025-03-18 21:03:49,core-banking,staging,45,1992,0.832,10,0,0.889,6.21,3.43,27,2,4.1,21,6,1
845,2024-11-23 21:03:49,core-banking,staging,10,1545,0.746,10,0,0.933,6.51,1.8,31,5,4.9,20,5,1
846,2025-03-31 21:03:49,onboarding,prod,36,2221,0.858,14,2,0.851,10.25,3.77,51,3,4.1,11,5,1
847,2024-09-21 21:03:49,core-banking,prod,23,1010,0.698,26,0,0.785,7.11,3.8,30,4,3.5,6,2,1
848,2025-01-06 21:03:49,onboarding,qa,17,1023,0.711,16,1,1.0,4.61,3.19,30,5,2.3,17,6,1
849,2025-08-05 21:03:49,onboarding,prod,30,2300,0.806,8,1,1.0,4.23,5.12,39,2,2.2,19,2,1
850,2024-10-06 21:03:49,risk-engine,staging,14,1948,0.698,8,0,0.928,6.15,2.3,36,3,1.9,5,6,1
851,2024-10-28 21:03:49,payments,staging,31,912,0.625,10,1,0.913,5.45,4.54,31,10,2.6,17,0,1
852,2024-10-16 21:03:49,mobile-app,prod,51,1691,0.766,9,1,0.884,4.84,4.03,14,0,2.9,3,6,1
853,2024-11-22 21:03:49,onboarding,staging,37,549,0.794,11,0,0.834,6.05,2.9,22,0,2.6,0,4,0
854,2025-01-05 21:03:49,risk-engine,prod,21,2114,0.791,11,0,0.834,9.25,5.07,36,11,2.5,12,3,1
855,2025-02-07 21:03:49,payments,staging,22,984,0.63,17,0,0.861,2.25,1.87,55,6,3.3,17,0,1
856,2025-05-11 21:03:49,core-banking,staging,19,1329,0.571,4,3,0.987,2.88,4.95,26,9,2.8,0,4,0
857,2025-01-19 21:03:49,core-banking,prod,21,956,0.708,12,0,0.754,4.84,3.7,32,3,2.2,6,4,0
858,2025-08-26 21:03:49,risk-engine,staging,25,1646,0.647,10,1,0.858,6.66,3.46,61,4,1.1,17,5,1
859,2025-08-16 21:03:49,internet-banking,prod,19,1933,0.661,12,1,0.989,7.79,3.07,64,2,1.4,21,3,1
860,2025-03-25 21:03:49,risk-engine,prod,19,1228,0.641,14,0,0.935,6.68,2.57,17,0,6.5,11,2,0
861,2025-05-15 21:03:49,core-banking,staging,16,712,0.661,18,0,0.822,5.37,3.75,28,4,3.6,4,2,0
862,2025-07-12 21:03:49,internet-banking,qa,13,563,0.709,16,0,0.922,7.57,1.16,31,8,3.8,9,1,1
863,2025-05-07 21:03:49,mobile-app,prod,18,1468,0.666,12,0,0.882,3.65,3.49,37,0,4.3,10,2,1
864,2024-12-27 21:03:49,internet-banking,qa,36,1324,0.823,12,0,0.932,8.48,3.72,29,2,3.1,12,2,1
865,2025-05-27 21:03:49,payments,prod,44,1106,0.91,14,0,0.78,6.01,4.89,53,4,1.9,0,1,1
866,2024-10-24 21:03:49,onboarding,dev,26,1318,0.875,7,1,0.937,4.27,2.36,26,8,5.3,7,2,0
867,2024-11-07 21:03:49,core-banking,staging,19,1441,0.761,9,0,0.885,5.36,2.56,44,0,4.9,4,5,1
868,2025-08-04 21:03:49,internet-banking,qa,15,880,0.695,15,1,0.949,1.26,2.61,49,3,2.3,2,5,1
869,2025-06-06 21:03:49,onboarding,qa,19,1221,0.487,3,0,0.949,3.41,2.37,34,0,1.0,17,2,0
870,2024-11-13 21:03:49,internet-banking,dev,9,1534,0.693,11,0,0.847,1.0,4.16,38,0,3.7,16,6,1
871,2025-05-01 21:03:49,core-banking,qa,17,841,0.833,11,1,0.955,4.66,2.53,38,0,3.4,5,4,0
872,2025-04-25 21:03:49,onboarding,prod,8,1437,0.602,11,3,0.777,8.38,3.37,30,1,2.0,13,5,1
873,2025-01-15 21:03:49,onboarding,staging,40,1389,0.726,5,0,0.914,5.25,2.51,38,8,3.4,15,1,0
874,2025-08-06 21:03:49,payments,dev,22,1378,0.775,15,0,0.97,4.87,3.89,47,6,3.3,1,1,1
875,2024-10-11 21:03:49,mobile-app,staging,11,1784,0.595,9,0,0.842,6.17,3.07,25,5,2.4,11,2,1
876,2025-08-13 21:03:49,internet-banking,prod,13,909,0.835,9,0,0.968,5.17,3.65,46,4,5.8,6,5,0
877,2025-06-11 21:03:49,mobile-app,staging,42,2273,0.641,8,0,0.837,8.99,2.76,33,6,1.4,20,1,1
878,2025-01-07 21:03:49,payments,prod,18,1635,0.742,10,0,0.831,7.36,2.79,29,1,2.9,4,1,1
879,2025-05-03 21:03:49,payments,dev,20,1670,0.659,18,2,1.0,3.9,2.71,51,4,5.7,15,6,1
880,2025-03-11 21:03:49,risk-engine,qa,44,591,0.556,8,0,0.771,7.19,3.53,59,7,3.6,3,5,1
881,2025-05-06 21:03:49,payments,prod,19,1475,0.738,1,1,0.902,7.1,4.63,37,1,1.2,3,3,1
882,2025-02-04 21:03:49,internet-banking,qa,9,1832,0.849,17,1,0.832,3.44,3.52,39,0,2.9,6,2,0
883,2024-10-27 21:03:49,risk-engine,qa,21,864,0.718,12,0,0.956,6.17,4.09,30,0,3.7,1,5,0
884,2024-09-29 21:03:49,risk-engine,qa,32,1327,0.626,17,0,1.0,4.77,4.72,32,8,2.4,6,3,1
885,2024-10-04 21:03:49,risk-engine,staging,20,1550,0.845,8,0,0.882,6.41,3.08,25,3,3.4,0,6,1
886,2024-11-17 21:03:49,mobile-app,qa,17,1005,0.917,6,0,0.929,5.38,2.0,25,2,2.4,0,0,0
887,2024-11-07 21:03:49,core-banking,staging,31,1293,0.81,5,0,0.899,5.9,2.31,20,0,2.4,23,4,0
888,2025-07-26 21:03:49,internet-banking,prod,21,1292,0.707,17,1,1.0,2.75,2.14,43,2,4.1,2,4,1
889,2024-11-10 21:03:49,mobile-app,qa,20,1441,0.689,4,2,0.96,5.31,4.3,27,0,4.3,6,1,1
890,2025-01-08 21:03:49,mobile-app,staging,33,1848,0.775,8,1,0.78,9.12,1.6,30,0,2.4,6,4,0
891,2025-01-24 21:03:49,risk-engine,prod,20,1419,0.842,16,0,0.846,6.95,3.35,22,6,2.2,11,1,1
892,2025-01-15 21:03:49,payments,qa,19,1595,0.7,6,1,0.944,6.57,3.11,38,2,3.4,13,5,1
893,2025-09-14 21:03:49,payments,staging,22,1185,0.434,17,0,0.856,3.14,1.84,40,3,4.0,14,2,0
894,2024-12-05 21:03:49,risk-engine,dev,4,759,0.684,17,3,0.887,4.78,1.05,45,2,6.5,7,4,1
895,2025-04-12 21:03:49,payments,qa,27,1962,0.697,16,2,0.948,5.97,1.83,34,4,1.1,1,0,1
896,2024-10-03 21:03:49,risk-engine,qa,21,2658,0.742,17,1,0.75,7.34,2.34,30,0,3.3,14,1,0
897,2025-01-08 21:03:49,risk-engine,prod,4,783,0.539,15,2,0.861,5.57,3.38,17,0,3.2,13,6,0
898,2025-04-13 21:03:49,payments,qa,34,1058,0.605,3,0,0.823,5.52,1.79,37,3,5.6,23,1,1
899,2025-06-06 21:03:49,payments,dev,25,1961,0.73,18,0,0.833,8.95,3.91,41,7,1.1,1,6,1
900,2025-04-14 21:03:49,core-banking,staging,26,184,0.758,8,1,0.944,4.8,4.5,46,1,3.0,6,1,0
901,2025-08-17 21:03:49,payments,staging,14,160,0.744,2,1,0.758,2.7,3.43,32,3,1.8,9,3,0
902,2025-02-02 21:03:49,internet-banking,prod,34,1348,0.535,8,1,0.838,3.89,3.07,64,2,3.2,16,3,1
903,2025-05-27 21:03:49,onboarding,staging,38,1243,0.69,20,0,0.722,6.91,2.42,45,5,1.3,22,1,1
904,2024-12-31 21:03:49,onboarding,staging,39,1748,0.722,17,0,0.973,6.41,3.43,38,4,5.6,13,5,1
905,2025-01-08 21:03:49,onboarding,prod,23,1171,0.778,12,1,1.0,8.18,4.59,37,3,4.0,16,1,1
906,2024-12-29 21:03:49,payments,dev,26,1235,0.696,13,1,0.832,5.33,2.23,25,2,3.0,11,2,1
907,2025-01-28 21:03:49,internet-banking,prod,34,959,0.842,13,1,0.929,5.95,3.55,37,2,1.0,16,2,0
908,2024-10-28 21:03:49,core-banking,prod,21,2113,0.74,12,0,1.0,4.57,2.68,20,6,2.6,17,2,1
909,2024-11-01 21:03:49,onboarding,staging,12,154,0.766,1,1,1.0,5.67,4.3,34,8,2.7,14,1,1
910,2025-03-25 21:03:49,payments,qa,19,1697,0.817,11,2,0.859,8.01,3.76,26,2,4.3,19,6,1
911,2025-02-06 21:03:49,risk-engine,staging,27,1461,0.756,9,0,0.881,5.07,5.18,45,1,5.4,12,3,1
912,2025-04-10 21:03:49,internet-banking,staging,22,1155,0.741,13,2,0.89,8.13,3.3,35,4,5.2,11,3,1
913,2024-10-11 21:03:49,mobile-app,qa,20,1434,0.664,13,0,0.827,7.23,4.37,21,4,1.1,22,6,1
914,2025-06-17 21:03:49,core-banking,prod,36,1032,0.638,12,1,0.837,9.97,2.73,36,2,3.7,7,4,0
915,2025-08-23 21:03:49,onboarding,qa,30,2084,0.711,11,2,0.976,9.13,3.2,33,0,1.4,0,0,0
916,2025-06-30 21:03:49,mobile-app,prod,19,1222,0.84,8,1,0.916,7.81,3.85,34,0,2.9,22,1,0
917,2025-04-20 21:03:49,payments,staging,25,947,0.674,21,1,0.984,3.92,2.31,26,4,3.0,21,1,0
918,2024-11-11 21:03:49,payments,prod,36,592,0.755,18,0,0.858,7.85,2.02,34,0,1.1,15,1,0
919,2025-01-14 21:03:49,core-banking,qa,36,2612,0.729,17,0,0.869,2.15,4.63,22,8,3.8,5,0,0
920,2025-02-13 21:03:49,internet-banking,staging,19,1072,0.73,11,1,0.959,2.62,3.46,32,4,3.5,6,5,0
921,2024-10-15 21:03:49,payments,staging,29,1464,0.675,3,1,1.0,2.58,2.98,34,4,2.1,17,4,1
922,2025-05-16 21:03:49,internet-banking,staging,20,2762,0.647,13,1,0.981,3.34,2.29,38,9,2.4,3,0,1
923,2025-01-31 21:03:49,internet-banking,staging,16,1180,0.742,18,1,0.898,3.95,4.86,36,7,3.2,13,3,1
924,2025-01-26 21:03:49,internet-banking,staging,25,1623,0.595,7,1,1.0,4.76,3.67,37,3,5.2,9,4,1
925,2024-12-18 21:03:49,core-banking,staging,28,1489,0.857,13,0,1.0,8.5,4.2,0,5,3.4,6,5,1
926,2025-06-24 21:03:49,internet-banking,prod,22,2398,0.798,14,3,0.993,8.04,2.89,46,4,5.3,5,3,1
927,2025-02-27 21:03:49,payments,prod,31,1082,0.908,13,1,0.879,4.57,2.69,31,1,3.5,19,2,1
928,2025-01-16 21:03:49,internet-banking,staging,30,1938,0.775,19,1,1.0,12.2,1.24,8,3,3.8,0,1,1
929,2024-09-29 21:03:49,mobile-app,prod,19,1379,0.804,9,1,0.946,5.6,4.12,23,0,3.5,14,5,0
930,2025-02-16 21:03:49,mobile-app,qa,18,2392,0.482,17,0,0.978,4.08,2.93,25,3,5.2,20,4,1
931,2025-09-03 21:03:49,payments,qa,8,1328,0.666,19,0,0.733,3.38,1.99,46,6,2.9,4,3,1
932,2025-08-15 21:03:49,internet-banking,prod,13,1774,0.757,10,2,0.908,6.99,1.67,42,7,3.6,23,6,1
933,2024-11-21 21:03:49,internet-banking,prod,33,1539,0.605,16,0,0.923,5.23,2.55,37,1,3.8,2,4,1
934,2025-09-07 21:03:49,core-banking,qa,31,2349,0.86,14,1,0.786,6.41,4.09,39,0,4.2,9,5,1
935,2024-12-28 21:03:49,payments,staging,18,2262,0.593,11,0,0.834,6.61,4.31,49,6,1.3,2,2,1
936,2024-09-29 21:03:49,risk-engine,dev,44,1563,0.774,16,0,1.0,4.12,2.39,23,8,4.1,9,4,1
937,2025-09-07 21:03:49,mobile-app,staging,39,1463,0.771,13,1,0.888,3.63,3.49,44,6,3.9,16,2,1
938,2024-11-23 21:03:49,payments,qa,39,1424,0.759,15,0,0.81,3.4,2.89,31,0,3.4,4,2,1
939,2024-10-28 21:03:49,onboarding,qa,18,1888,0.721,10,2,0.863,5.64,3.8,41,9,3.9,5,5,1
940,2025-08-17 21:03:49,internet-banking,qa,18,36,0.619,20,1,0.87,6.8,1.05,38,7,3.1,7,1,0
941,2025-09-02 21:03:49,payments,qa,10,2920,0.595,10,0,0.817,5.1,3.64,50,2,2.1,14,3,1
942,2025-02-18 21:03:49,risk-engine,qa,23,1558,0.702,17,2,0.914,5.99,3.26,27,6,3.7,12,6,1
943,2025-01-19 21:03:49,risk-engine,qa,28,1642,0.816,16,0,0.862,6.0,3.36,40,4,3.1,20,6,1
944,2024-12-02 21:03:49,payments,staging,13,1611,0.797,10,1,0.817,7.08,1.25,17,5,3.0,9,2,1
945,2025-07-23 21:03:49,core-banking,qa,16,1178,0.755,10,1,0.741,6.73,3.08,28,0,3.2,19,6,0
946,2024-12-05 21:03:49,internet-banking,prod,23,1942,0.725,12,1,0.828,6.05,4.19,38,2,1.3,6,5,1
947,2025-03-13 21:03:49,payments,prod,28,931,0.687,7,0,0.732,2.8,4.02,23,5,4.3,9,0,0
948,2025-07-09 21:03:49,core-banking,staging,37,2625,0.865,1,1,0.9,6.93,1.27,14,7,2.6,0,5,0
949,2024-09-25 21:03:49,internet-banking,qa,27,912,0.546,19,0,0.873,4.96,4.46,42,7,2.6,1,5,1
950,2025-03-11 21:03:49,core-banking,dev,19,1739,0.588,14,0,0.884,6.9,2.64,26,5,3.8,16,3,0
951,2025-05-31 21:03:49,mobile-app,prod,40,1689,0.721,7,0,0.851,4.69,3.77,39,0,3.0,20,1,1
952,2024-12-11 21:03:49,internet-banking,staging,0,914,0.748,0,2,0.746,5.51,4.96,32,3,4.1,20,6,0
953,2024-09-18 21:03:49,internet-banking,prod,27,1416,0.685,16,1,0.864,8.46,1.95,52,5,2.1,1,6,1
954,2025-04-28 21:03:49,internet-banking,prod,23,2064,0.772,6,0,0.922,6.69,2.33,54,6,2.5,19,5,1
955,2024-12-17 21:03:49,internet-banking,prod,34,1521,0.788,16,1,0.932,7.19,3.49,25,1,2.9,13,4,1
956,2025-06-12 21:03:49,core-banking,qa,11,1355,0.702,12,2,0.792,7.04,1.47,32,3,3.1,23,6,0
957,2025-04-17 21:03:49,payments,prod,0,2336,0.516,24,1,1.0,8.17,2.56,30,1,4.1,11,5,1
958,2025-01-12 21:03:49,mobile-app,staging,21,1564,0.656,9,2,0.884,5.28,2.82,40,0,3.7,14,5,1
959,2025-08-12 21:03:49,internet-banking,qa,16,826,0.743,4,0,0.863,9.24,2.18,33,7,2.8,10,5,1
960,2025-01-14 21:03:49,risk-engine,prod,10,1850,0.759,17,1,0.786,1.29,5.87,41,4,3.5,16,3,1
961,2025-07-07 21:03:49,core-banking,prod,17,763,0.668,10,1,0.885,3.62,2.94,38,0,3.6,5,1,0
962,2024-10-12 21:03:49,payments,qa,8,1419,0.751,7,0,0.963,2.41,1.23,23,8,4.2,19,1,1
963,2025-01-24 21:03:49,risk-engine,staging,28,1382,0.697,20,0,1.0,2.82,5.69,30,6,4.2,14,6,1
964,2025-07-29 21:03:49,onboarding,prod,17,1527,0.708,18,1,0.894,7.21,0.95,27,4,4.4,11,0,1
965,2025-01-03 21:03:49,payments,dev,23,1745,0.675,19,1,0.925,7.47,2.69,28,3,4.1,19,2,1
966,2025-02-14 21:03:49,onboarding,prod,35,1955,0.938,17,0,0.938,4.89,2.55,18,3,3.8,20,1,0
967,2025-08-01 21:03:49,onboarding,qa,28,1005,0.766,22,2,0.677,11.3,1.15,32,0,2.4,2,5,1
968,2025-06-25 21:03:49,risk-engine,qa,16,665,0.706,10,1,0.805,7.04,3.6,22,1,3.4,3,1,1
969,2025-05-12 21:03:49,internet-banking,dev,12,1735,0.702,11,0,0.955,6.07,2.94,59,7,4.1,23,3,1
970,2025-06-22 21:03:49,payments,prod,26,1153,0.696,7,1,0.955,6.36,2.96,26,0,1.6,12,0,1
971,2025-03-06 21:03:49,internet-banking,prod,23,2345,0.642,11,1,0.886,8.18,3.11,36,0,2.2,23,4,1
972,2024-09-30 21:03:49,mobile-app,dev,17,1000,0.91,19,1,0.911,4.71,3.13,26,3,5.2,4,0,1
973,2025-03-29 21:03:49,mobile-app,staging,17,1647,0.558,15,1,0.904,5.32,4.72,37,9,3.8,1,6,1
974,2025-06-22 21:03:49,onboarding,staging,34,1818,0.687,11,1,1.0,4.81,2.26,24,6,2.2,15,0,1
975,2025-06-25 21:03:49,payments,qa,10,2495,0.752,1,1,0.978,5.14,2.04,16,11,2.2,15,3,1
976,2025-01-06 21:03:49,mobile-app,staging,34,1778,0.681,12,1,0.895,4.48,2.42,27,1,4.3,5,2,1
977,2024-12-23 21:03:49,internet-banking,prod,46,883,0.704,12,1,0.863,8.31,3.45,45,5,4.2,13,3,0
978,2025-02-28 21:03:49,risk-engine,qa,18,2008,0.791,21,0,0.945,4.64,3.51,32,5,1.6,18,4,1
979,2025-01-05 21:03:49,core-banking,staging,21,1705,0.73,12,1,0.905,4.87,4.87,31,0,2.4,20,3,0
980,2024-11-16 21:03:49,risk-engine,prod,36,1877,0.778,7,1,1.0,6.79,3.42,19,7,5.2,12,0,1
981,2025-07-26 21:03:49,core-banking,staging,21,1888,0.748,17,1,0.831,5.0,2.44,32,9,5.4,4,5,1
982,2024-10-24 21:03:49,risk-engine,staging,17,2478,0.559,13,0,0.899,7.33,4.02,34,6,2.5,1,5,1
983,2024-11-08 21:03:49,risk-engine,dev,22,2109,0.611,7,1,0.865,3.09,4.35,21,3,2.5,10,5,0
984,2025-06-15 21:03:49,onboarding,prod,34,1134,0.933,2,1,1.0,6.95,3.34,40,5,3.5,3,4,1
985,2025-08-19 21:03:49,payments,qa,31,2357,0.896,13,1,1.0,3.96,3.34,31,2,4.0,4,2,0
986,2024-11-30 21:03:49,mobile-app,prod,17,1380,0.708,21,0,0.73,8.79,3.45,33,2,2.2,9,1,1
987,2024-12-06 21:03:49,onboarding,staging,37,1593,0.63,7,0,1.0,5.86,1.32,39,4,2.7,7,5,1
988,2024-10-07 21:03:49,onboarding,prod,29,1646,0.753,9,1,0.993,8.83,1.78,32,6,5.3,2,5,0
989,2025-09-12 21:03:49,internet-banking,dev,35,1972,0.594,14,0,0.898,5.51,1.43,43,4,2.2,21,6,1
990,2025-07-19 21:03:49,onboarding,prod,33,1501,0.545,18,1,0.812,1.08,4.03,41,4,4.2,20,1,1
991,2024-10-28 21:03:49,payments,staging,29,2338,0.71,19,1,0.93,10.81,4.65,55,1,5.6,5,2,1
992,2025-03-22 21:03:49,core-banking,staging,14,1744,0.604,20,1,1.0,3.95,4.55,13,4,2.5,1,0,0
993,2025-05-27 21:03:49,risk-engine,prod,20,1569,0.836,13,1,0.782,5.13,3.71,39,1,4.2,16,0,0
994,2025-06-09 21:03:49,onboarding,prod,19,1165,0.613,10,1,0.92,7.92,3.52,27,0,2.2,8,2,0
995,2025-04-08 21:03:49,core-banking,staging,47,1041,0.88,19,1,0.938,8.48,2.94,33,2,0.6,11,1,1
996,2024-10-05 21:03:49,onboarding,qa,10,1983,0.768,9,0,0.805,7.5,3.19,38,5,2.5,7,3,0
997,2025-05-16 21:03:49,mobile-app,staging,29,2254,0.834,9,1,0.795,5.38,4.46,26,2,2.5,19,5,0
998,2024-10-27 21:03:49,core-banking,prod,23,2987,0.603,19,1,0.853,8.78,2.59,30,1,2.2,8,5,1
999,2025-07-13 21:03:49,onboarding,staging,22,1539,0.657,10,1,0.9,5.97,3.8,37,6,3.2,7,2,1
